id,status,currency,date_created,date_modified,discount_total,shipping_total,total,customer_id,payment_method,payment_method_title
3006,completed,ILS,2019-07-28T00:56:29,2019-07-28T00:56:31,0.00,0.00,15.00,125416166,ppec_paypal,PayPal Checkout
3343,completed,ILS,2019-08-05T22:05:18,2019-09-08T19:24:13,0.00,0.00,15.00,125416166,ppec_paypal,PayPal Checkout
3464,completed,ILS,2019-08-06T18:59:18,2019-08-06T18:59:21,0.00,0.00,11.00,125416167,ppec_paypal,PayPal
3482,completed,ILS,2019-08-06T20:26:17,2019-08-06T20:26:20,0.00,0.00,15.00,0,ppec_paypal,PayPal Checkout
3484,completed,ILS,2019-08-06T20:38:07,2019-08-06T20:38:10,0.00,0.00,50.00,125416168,ppec_paypal,PayPal
3486,completed,ILS,2019-08-06T20:43:51,2019-08-07T08:13:07,0.00,0.00,40.00,125416169,ppec_paypal,PayPal
3490,completed,ILS,2019-08-06T21:35:35,2019-08-06T21:35:38,0.00,0.00,50.00,0,ppec_paypal,PayPal
3496,completed,ILS,2019-08-06T23:55:05,2019-08-06T23:55:09,0.00,0.00,50.00,0,ppec_paypal,PayPal
3530,completed,ILS,2019-08-07T12:06:46,2019-08-07T12:06:49,0.00,0.00,35.00,0,ppec_paypal,PayPal
3536,completed,ILS,2019-08-07T16:31:13,2019-08-07T16:31:16,0.00,0.00,16.00,0,ppec_paypal,PayPal Checkout
3543,completed,ILS,2019-08-07T19:26:00,2019-08-07T19:26:03,0.00,0.00,96.00,0,ppec_paypal,PayPal
3547,completed,ILS,2019-08-07T20:26:09,2019-08-30T17:16:18,0.00,0.00,70.00,125416170,ppec_paypal,PayPal Checkout
3551,completed,ILS,2019-08-07T22:40:12,2019-08-07T22:40:15,0.00,0.00,35.00,0,ppec_paypal,PayPal
3557,completed,ILS,2019-08-08T01:15:35,2019-08-30T17:16:19,0.00,0.00,80.00,125416171,ppec_paypal,PayPal
3560,completed,ILS,2019-08-08T02:10:34,2019-08-30T17:16:21,0.00,0.00,110.00,125416171,ppec_paypal,PayPal Checkout
3568,completed,ILS,2019-08-08T07:44:52,2019-08-08T07:44:55,0.00,0.00,35.00,0,ppec_paypal,PayPal
3574,completed,ILS,2019-08-08T11:44:39,2019-08-30T17:16:23,0.00,0.00,93.00,125416172,ppec_paypal,PayPal
3577,completed,ILS,2019-08-08T12:22:11,2019-08-30T17:16:35,0.00,0.00,40.00,0,ppec_paypal,PayPal Checkout
3587,completed,ILS,2019-08-08T20:20:42,2019-08-30T17:16:37,0.00,0.00,26.00,0,ppec_paypal,PayPal Checkout
3628,completed,ILS,2019-08-10T13:39:22,2019-08-30T17:16:38,0.00,0.00,55.00,0,ppec_paypal,PayPal
3636,completed,ILS,2019-08-10T19:25:36,2019-08-10T19:25:39,0.00,0.00,84.00,0,ppec_paypal,PayPal
3741,completed,ILS,2019-08-13T15:22:48,2019-08-30T17:16:40,0.00,0.00,48.00,0,ppec_paypal,PayPal
3743,completed,ILS,2019-08-13T15:24:22,2021-07-25T22:52:54,0.00,0.00,48.00,125416173,ppec_paypal,PayPal
3746,completed,ILS,2019-08-13T15:56:26,2019-08-30T17:16:44,0.00,0.00,63.00,0,ppec_paypal,PayPal
3748,completed,ILS,2019-08-13T16:01:37,2019-08-30T17:16:45,0.00,0.00,48.00,0,ppec_paypal,PayPal
3751,completed,ILS,2019-08-13T16:08:30,2019-08-30T17:16:47,0.00,0.00,48.00,0,ppec_paypal,PayPal
3754,completed,ILS,2019-08-13T16:22:26,2019-12-11T19:02:19,0.00,0.00,11.00,125416181,ppec_paypal,PayPal Checkout
3756,completed,ILS,2019-08-13T16:40:02,2019-08-30T17:16:48,0.00,0.00,48.00,0,ppec_paypal,PayPal
3758,completed,ILS,2019-08-13T17:00:38,2019-08-30T17:16:49,0.00,0.00,48.00,0,ppec_paypal,PayPal
3761,completed,ILS,2019-08-13T17:07:38,2019-08-30T17:16:50,0.00,0.00,48.00,125416174,ppec_paypal,PayPal Checkout
3763,completed,ILS,2019-08-13T17:28:10,2019-08-30T17:16:51,0.00,0.00,48.00,0,ppec_paypal,PayPal
3766,completed,ILS,2019-08-13T17:32:59,2019-08-30T17:16:51,0.00,0.00,48.00,0,ppec_paypal,PayPal
3768,completed,ILS,2019-08-13T17:52:01,2019-08-30T17:16:52,0.00,0.00,48.00,125416175,ppec_paypal,PayPal
3771,completed,ILS,2019-08-13T18:14:31,2023-08-17T21:01:06,0.00,0.00,78.00,125416176,ppec_paypal,PayPal
3773,completed,ILS,2019-08-13T18:20:34,2019-08-30T17:16:54,0.00,0.00,48.00,0,ppec_paypal,PayPal
3775,completed,ILS,2019-08-13T18:29:34,2021-08-30T11:22:55,0.00,0.00,98.00,0,ppec_paypal,PayPal Checkout
3780,completed,ILS,2019-08-13T21:32:58,2019-08-30T17:16:55,0.00,0.00,48.00,0,ppec_paypal,PayPal
3782,completed,ILS,2019-08-13T21:40:36,2021-07-19T19:34:00,0.00,0.00,48.00,0,ppec_paypal,PayPal
3784,completed,ILS,2019-08-13T21:46:06,2019-08-30T17:16:53,0.00,0.00,48.00,0,ppec_paypal,PayPal
3787,completed,ILS,2019-08-13T22:31:39,2019-08-30T17:17:40,0.00,0.00,118.00,125416177,ppec_paypal,PayPal
3789,completed,ILS,2019-08-13T23:00:49,2019-08-30T17:17:42,0.00,0.00,48.00,125416178,ppec_paypal,PayPal
3792,completed,ILS,2019-08-13T23:21:49,2019-08-30T17:17:44,0.00,0.00,48.00,125416179,ppec_paypal,PayPal
3794,completed,ILS,2019-08-13T23:54:11,2019-08-30T17:17:46,0.00,0.00,48.00,0,ppec_paypal,PayPal
3803,completed,ILS,2019-08-14T07:17:38,2019-08-30T17:17:48,0.00,0.00,48.00,125416180,ppec_paypal,PayPal
3807,completed,ILS,2019-08-14T08:29:40,2019-08-14T08:29:43,0.00,0.00,35.00,0,ppec_paypal,PayPal
3809,completed,ILS,2019-08-14T09:06:04,2019-08-30T17:17:50,0.00,0.00,48.00,0,ppec_paypal,PayPal
3814,completed,ILS,2019-08-14T11:56:59,2019-08-30T17:17:52,0.00,0.00,48.00,0,ppec_paypal,PayPal
3817,completed,ILS,2019-08-14T12:58:02,2019-08-30T17:17:53,0.00,0.00,48.00,0,ppec_paypal,PayPal
3834,completed,ILS,2019-08-14T18:49:08,2019-08-30T17:17:55,0.00,0.00,48.00,0,ppec_paypal,PayPal
3838,completed,ILS,2019-08-14T20:59:49,2019-08-14T20:59:52,0.00,0.00,11.00,0,ppec_paypal,PayPal Checkout
3841,completed,ILS,2019-08-14T22:18:49,2019-08-30T17:17:57,0.00,0.00,48.00,125416182,ppec_paypal,PayPal
3862,completed,ILS,2019-08-15T18:03:58,2019-08-30T17:17:58,0.00,0.00,48.00,125416183,ppec_paypal,PayPal
3888,completed,ILS,2019-08-16T18:23:44,2019-08-30T17:18:00,0.00,0.00,48.00,0,ppec_paypal,PayPal
3894,completed,ILS,2019-08-16T22:51:35,2019-08-30T17:18:02,0.00,0.00,48.00,125416185,ppec_paypal,PayPal
3906,completed,ILS,2019-08-17T08:28:51,2019-08-30T17:18:03,0.00,0.00,48.00,0,ppec_paypal,PayPal
3910,completed,ILS,2019-08-17T10:28:37,2019-08-30T17:18:06,0.00,0.00,48.00,0,ppec_paypal,PayPal Checkout
3914,completed,ILS,2019-08-17T12:23:31,2019-08-30T17:18:08,0.00,0.00,48.00,0,ppec_paypal,PayPal
3936,completed,ILS,2019-08-17T17:11:05,2019-08-30T17:18:09,0.00,0.00,40.00,0,ppec_paypal,PayPal
3938,completed,ILS,2019-08-17T17:18:09,2019-08-30T17:18:11,0.00,0.00,98.00,125416186,ppec_paypal,PayPal
3941,completed,ILS,2019-08-17T17:25:38,2019-08-30T17:18:13,0.00,0.00,40.00,0,ppec_paypal,PayPal
3965,completed,ILS,2019-08-18T09:12:51,2019-08-30T17:18:15,0.00,0.00,48.00,0,ppec_paypal,PayPal
3969,completed,ILS,2019-08-18T11:22:38,2019-08-18T11:22:41,0.00,0.00,35.00,125416188,ppec_paypal,PayPal
3974,completed,ILS,2019-08-18T14:05:27,2024-09-26T11:35:41,0.00,0.00,63.00,125416189,ppec_paypal,PayPal
3976,completed,ILS,2019-08-18T14:29:44,2024-09-26T11:35:40,0.00,0.00,40.00,125416189,ppec_paypal,PayPal Checkout
3985,completed,ILS,2019-08-18T21:29:38,2024-09-26T11:35:38,0.00,0.00,40.00,125416190,ppec_paypal,PayPal
4000,completed,ILS,2019-08-19T08:11:58,2024-09-26T11:35:37,0.00,0.00,48.00,0,ppec_paypal,PayPal Checkout
4008,completed,ILS,2019-08-19T12:32:32,2019-08-19T12:32:35,0.00,0.00,35.00,125416191,ppec_paypal,PayPal
4012,completed,ILS,2019-08-19T14:47:54,2024-09-26T11:35:35,0.00,0.00,40.00,125416192,ppec_paypal,PayPal
4015,completed,ILS,2019-08-19T16:17:31,2019-08-19T16:17:34,0.00,0.00,35.00,125416194,ppec_paypal,PayPal
4018,completed,ILS,2019-08-19T16:33:47,2024-09-26T11:35:34,0.00,0.00,40.00,125416193,ppec_paypal,PayPal
4038,completed,ILS,2019-08-20T10:05:07,2024-09-26T11:35:33,0.00,0.00,144.00,125416195,ppec_paypal,PayPal
4040,completed,ILS,2019-08-20T10:51:31,2024-09-26T11:35:32,0.00,0.00,40.00,125416196,ppec_paypal,PayPal
4048,completed,ILS,2019-08-20T16:47:29,2024-09-26T11:35:30,0.00,0.00,15.00,0,ppec_paypal,PayPal
4055,completed,ILS,2019-08-20T21:03:32,2024-09-26T11:35:29,0.00,0.00,48.00,0,ppec_paypal,PayPal
4072,completed,ILS,2019-08-21T10:35:39,2024-09-26T11:35:28,0.00,0.00,50.00,125416201,ppec_paypal,PayPal
4086,completed,ILS,2019-08-21T21:28:27,2024-09-26T11:35:27,0.00,0.00,40.00,125416198,ppec_paypal,PayPal
4100,completed,ILS,2019-08-22T10:22:53,2019-08-22T10:22:56,0.00,0.00,16.00,125416201,ppec_paypal,PayPal
4118,completed,ILS,2019-08-22T21:01:04,2024-09-26T11:35:25,0.00,0.00,59.00,125416204,ppec_paypal,PayPal
4147,completed,ILS,2019-08-23T02:43:15,2019-08-23T02:43:18,0.00,0.00,35.00,125416206,ppec_paypal,PayPal
4161,completed,ILS,2019-08-23T14:29:55,2024-09-26T11:35:24,0.00,0.00,48.00,125416208,ppec_paypal,PayPal
4182,completed,ILS,2019-08-24T10:49:01,2024-09-26T11:35:22,0.00,0.00,48.00,0,ppec_paypal,PayPal
4194,completed,ILS,2019-08-24T20:17:41,2019-08-25T10:10:27,0.00,0.00,48.00,125416212,ppec_paypal,PayPal
4197,completed,ILS,2019-08-24T21:37:55,2024-09-26T11:35:21,0.00,0.00,48.00,125416213,ppec_paypal,PayPal
4202,completed,ILS,2019-08-25T01:09:46,2019-08-25T01:09:49,0.00,0.00,11.00,125416214,ppec_paypal,PayPal
4229,completed,ILS,2019-08-25T22:28:19,2024-09-26T11:35:20,0.00,0.00,40.00,0,ppec_paypal,PayPal
4248,completed,ILS,2019-08-26T15:01:12,2024-09-26T11:35:19,0.00,0.00,48.00,0,ppec_paypal,PayPal Checkout
4256,completed,ILS,2019-08-26T21:14:53,2024-09-26T11:35:17,0.00,0.00,48.00,0,ppec_paypal,PayPal
4258,completed,ILS,2019-08-26T21:29:09,2019-08-26T21:29:12,0.00,0.00,11.00,0,ppec_paypal,PayPal
4276,completed,ILS,2019-08-27T14:13:35,2019-08-30T17:14:46,0.00,0.00,40.00,0,ppec_paypal,PayPal
4283,completed,ILS,2019-08-27T19:09:15,2024-09-26T11:35:16,0.00,0.00,40.00,125416217,ppec_paypal,PayPal Checkout
4320,completed,ILS,2019-08-28T20:38:28,2019-08-28T20:38:31,0.00,0.00,35.00,0,ppec_paypal,PayPal
4328,completed,ILS,2019-08-29T01:40:25,2019-08-30T17:15:17,0.00,0.00,51.00,125416219,ppec_paypal,PayPal
4543,completed,ILS,2019-09-03T20:21:29,2024-09-26T11:36:51,0.00,0.00,35.00,125416176,ppec_paypal,PayPal
4576,completed,ILS,2019-09-05T03:51:38,2019-09-05T03:51:39,0.00,0.00,35.00,0,ppec_paypal,PayPal Checkout
4590,completed,ILS,2019-09-05T16:58:20,2024-09-26T11:36:50,0.00,0.00,13.00,0,ppec_paypal,PayPal
4600,completed,ILS,2019-09-06T00:13:01,2024-09-26T11:36:49,0.00,0.00,40.00,0,ppec_paypal,PayPal
4670,completed,ILS,2019-09-08T17:55:24,2024-09-26T11:36:47,0.00,0.00,13.00,0,ppec_paypal,PayPal
5246,completed,ILS,2019-09-29T15:06:57,2024-09-26T11:36:46,0.00,0.00,30.00,0,ppec_paypal,PayPal
5380,completed,ILS,2019-10-03T18:20:45,2019-10-03T18:20:48,0.00,0.00,11.00,125416230,ppec_paypal,PayPal
6114,completed,ILS,2019-11-02T21:59:57,2021-08-10T09:56:48,0.00,0.00,48.00,125416235,ppec_paypal,PayPal
6286,completed,ILS,2019-11-09T20:09:49,2024-09-26T11:36:44,0.00,0.00,40.00,125416236,ppec_paypal,PayPal
6333,completed,ILS,2019-11-09T20:53:06,2019-11-09T20:53:09,0.00,0.00,20.00,125416237,ppec_paypal,PayPal
6337,completed,ILS,2019-11-09T22:43:30,2019-11-09T22:43:33,0.00,0.00,20.00,125416238,ppec_paypal,PayPal
6340,completed,ILS,2019-11-09T23:04:37,2019-11-09T23:04:40,0.00,0.00,20.00,0,ppec_paypal,PayPal
6351,completed,ILS,2019-11-10T08:40:26,2019-11-10T08:40:28,0.00,0.00,20.00,0,ppec_paypal,PayPal
6430,completed,ILS,2019-11-13T13:25:11,2019-11-13T13:25:15,0.00,0.00,20.00,125416240,ppec_paypal,PayPal
6463,completed,ILS,2019-11-14T21:54:02,2019-11-14T21:54:06,0.00,0.00,20.00,0,ppec_paypal,PayPal
6512,completed,ILS,2019-11-16T22:25:24,2019-11-16T22:25:27,0.00,0.00,20.00,0,ppec_paypal,PayPal
6526,completed,ILS,2019-11-17T09:38:55,2019-11-17T09:38:58,0.00,0.00,20.00,125416243,ppec_paypal,PayPal
6555,completed,ILS,2019-11-18T12:12:08,2019-11-18T12:12:12,0.00,0.00,20.00,125416244,ppec_paypal,PayPal
6785,completed,ILS,2019-11-26T19:47:38,2024-09-26T11:36:43,0.00,0.00,20.00,0,ppec_paypal,PayPal Checkout
6788,completed,ILS,2019-11-26T20:17:28,2024-09-26T11:36:41,0.00,0.00,20.00,0,ppec_paypal,PayPal
6792,completed,ILS,2019-11-26T21:37:01,2024-09-26T11:36:40,0.00,0.00,20.00,125416248,ppec_paypal,PayPal Checkout
6817,completed,ILS,2019-11-27T17:47:12,2024-09-26T11:36:39,0.00,0.00,20.00,0,ppec_paypal,PayPal Checkout
6849,completed,ILS,2019-11-28T12:32:04,2024-09-26T11:36:37,0.00,0.00,20.00,0,ppec_paypal,PayPal Checkout
6854,completed,ILS,2019-11-28T14:54:22,2024-09-26T11:36:36,0.00,0.00,20.00,125416249,ppec_paypal,PayPal
6881,completed,ILS,2019-11-29T11:47:29,2024-09-26T11:36:34,0.00,0.00,20.00,0,ppec_paypal,PayPal
6902,completed,ILS,2019-11-30T07:14:19,2024-09-26T11:36:33,0.00,0.00,20.00,0,ppec_paypal,PayPal
6938,completed,ILS,2019-12-01T16:34:05,2024-09-26T11:36:32,0.00,0.00,20.00,0,ppec_paypal,PayPal
6959,completed,ILS,2019-12-02T12:19:03,2024-09-26T11:36:30,0.00,0.00,20.00,0,ppec_paypal,PayPal
6991,completed,ILS,2019-12-03T18:13:42,2024-09-26T11:36:29,0.00,0.00,20.00,125416250,ppec_paypal,PayPal
6993,completed,ILS,2019-12-03T18:20:12,2024-09-26T11:36:28,0.00,0.00,20.00,0,ppec_paypal,PayPal
7022,completed,ILS,2019-12-03T21:00:11,2024-09-26T11:36:27,0.00,0.00,28.00,125416251,ppec_paypal,PayPal Checkout
7025,completed,ILS,2019-12-03T21:18:28,2024-09-26T11:36:25,0.00,0.00,28.00,0,ppec_paypal,PayPal
7031,completed,ILS,2019-12-03T22:46:38,2024-09-26T14:10:05,0.00,0.00,28.00,0,ppec_paypal,PayPal Checkout
7034,completed,ILS,2019-12-03T22:50:04,2024-09-26T14:10:03,0.00,0.00,28.00,125416247,ppec_paypal,PayPal
7037,completed,ILS,2019-12-03T22:55:30,2024-09-26T14:10:02,0.00,0.00,48.00,125416187,ppec_paypal,PayPal
7045,completed,ILS,2019-12-04T05:25:05,2024-09-26T14:10:01,0.00,0.00,28.00,0,ppec_paypal,PayPal
7064,completed,ILS,2019-12-04T21:05:42,2024-09-26T14:09:59,0.00,0.00,28.00,125416252,ppec_paypal,PayPal Checkout
7081,completed,ILS,2019-12-05T11:04:08,2024-09-26T14:09:58,0.00,0.00,28.00,125416182,ppec_paypal,PayPal
7088,completed,ILS,2019-12-05T14:58:26,2024-09-26T14:09:57,0.00,0.00,20.00,125416243,ppec_paypal,PayPal
7135,completed,ILS,2019-12-07T12:48:51,2024-09-26T14:09:55,0.00,0.00,20.00,125416253,ppec_paypal,PayPal
7142,completed,ILS,2019-12-07T17:04:10,2024-09-26T14:09:54,0.00,0.00,20.00,0,ppec_paypal,PayPal
7167,completed,ILS,2019-12-08T16:54:33,2024-09-26T14:09:53,0.00,0.00,20.00,0,ppec_paypal,PayPal Checkout
7189,completed,ILS,2019-12-09T11:30:36,2024-09-26T14:09:52,0.00,0.00,20.00,0,ppec_paypal,PayPal
7193,completed,ILS,2019-12-09T12:58:37,2024-09-26T14:09:50,0.00,0.00,28.00,0,ppec_paypal,PayPal
7197,completed,ILS,2019-12-09T15:06:13,2024-09-26T14:09:49,0.00,0.00,76.00,0,ppec_paypal,PayPal
7214,completed,ILS,2019-12-10T06:42:00,2024-09-26T14:09:48,0.00,0.00,20.00,0,ppec_paypal,PayPal Checkout
7230,completed,ILS,2019-12-10T20:03:40,2024-09-26T14:09:47,0.00,0.00,76.00,125416255,ppec_paypal,PayPal
7233,completed,ILS,2019-12-10T20:11:38,2024-09-26T14:09:46,0.00,0.00,20.00,125416166,ppec_paypal,PayPal
7254,completed,ILS,2019-12-11T15:00:06,2019-12-11T15:00:09,0.00,0.00,20.00,0,ppec_paypal,PayPal
7260,completed,ILS,2019-12-11T18:36:48,2024-09-26T14:09:45,0.00,0.00,20.00,125416257,ppec_paypal,PayPal
7322,completed,ILS,2019-12-13T22:11:52,2024-09-26T14:09:43,0.00,0.00,20.00,125416258,ppec_paypal,PayPal
7334,completed,ILS,2019-12-14T07:55:01,2019-12-14T07:55:03,0.00,0.00,20.00,125416259,ppec_paypal,PayPal
7340,completed,ILS,2019-12-14T12:09:54,2024-09-26T14:09:42,0.00,0.00,20.00,0,ppec_paypal,PayPal
7427,completed,ILS,2019-12-17T11:49:56,2024-09-26T14:09:40,0.00,0.00,20.00,125416261,ppec_paypal,PayPal
7488,completed,ILS,2019-12-19T23:12:49,2024-09-26T14:09:39,0.00,0.00,28.00,125416263,ppec_paypal,PayPal
7508,completed,ILS,2019-12-20T17:12:48,2024-09-26T14:09:38,0.00,0.00,20.00,0,ppec_paypal,PayPal
7536,completed,ILS,2019-12-21T20:42:21,2024-09-26T14:09:36,0.00,0.00,20.00,0,ppec_paypal,PayPal
7552,completed,ILS,2019-12-22T09:15:09,2024-09-26T14:09:35,0.00,0.00,20.00,0,ppec_paypal,PayPal
7588,completed,ILS,2019-12-23T19:57:39,2024-09-26T14:09:34,0.00,0.00,20.00,0,ppec_paypal,PayPal
7784,completed,ILS,2019-12-30T21:08:09,2024-09-26T14:09:33,0.00,0.00,28.00,0,ppec_paypal,PayPal
7932,completed,ILS,2020-01-05T18:18:05,2024-09-26T14:09:31,0.00,0.00,48.00,0,ppec_paypal,PayPal
8048,completed,ILS,2020-01-09T20:56:10,2024-09-26T14:09:30,0.00,0.00,54.00,125416180,ppec_paypal,PayPal
8050,completed,ILS,2020-01-09T21:24:33,2024-09-26T14:09:29,0.00,0.00,18.00,0,ppec_paypal,PayPal Checkout
8054,completed,ILS,2020-01-09T21:42:18,2024-09-26T14:09:28,0.00,0.00,18.00,125416248,ppec_paypal,PayPal Checkout
8056,completed,ILS,2020-01-09T21:43:22,2024-09-26T14:27:31,0.00,0.00,18.00,0,ppec_paypal,PayPal Checkout
8059,completed,ILS,2020-01-09T22:18:21,2024-09-26T14:27:30,0.00,0.00,18.00,125416265,ppec_paypal,PayPal
8063,completed,ILS,2020-01-09T22:44:44,2024-09-26T14:27:29,0.00,0.00,18.00,125416253,ppec_paypal,PayPal
8066,completed,ILS,2020-01-10T00:26:06,2024-09-26T14:27:28,0.00,0.00,38.00,0,ppec_paypal,PayPal
8081,completed,ILS,2020-01-10T13:26:25,2024-09-26T14:27:26,0.00,0.00,18.00,0,ppec_paypal,PayPal
8085,completed,ILS,2020-01-10T14:21:10,2024-09-26T14:27:24,0.00,0.00,28.00,125416247,ppec_paypal,PayPal Checkout
8105,completed,ILS,2020-01-11T09:27:06,2024-09-26T14:27:23,0.00,0.00,18.00,0,ppec_paypal,PayPal
8111,completed,ILS,2020-01-11T11:57:16,2024-09-26T14:27:22,0.00,0.00,18.00,125416266,ppec_paypal,PayPal
8131,completed,ILS,2020-01-12T06:07:16,2024-09-26T14:27:21,0.00,0.00,18.00,125416267,ppec_paypal,PayPal
8143,completed,ILS,2020-01-12T15:14:01,2024-09-26T14:27:19,0.00,0.00,94.00,125416268,ppec_paypal,PayPal
8150,completed,ILS,2020-01-12T18:56:17,2024-09-26T14:27:18,0.00,0.00,18.00,0,ppec_paypal,PayPal Checkout
8245,completed,ILS,2020-01-13T21:35:37,2024-09-26T14:27:16,0.00,0.00,18.00,125416187,ppec_paypal,PayPal
8276,completed,ILS,2020-01-14T21:26:45,2024-09-26T14:27:15,0.00,0.00,18.00,125416171,ppec_paypal,PayPal
8282,completed,ILS,2020-01-14T23:37:59,2024-09-26T14:27:14,0.00,0.00,18.00,125416263,ppec_paypal,PayPal
8329,completed,ILS,2020-01-16T21:17:40,2024-09-26T14:27:13,0.00,0.00,46.00,125416270,ppec_paypal,PayPal
8399,completed,ILS,2020-01-19T16:53:12,2024-09-26T14:27:12,0.00,0.00,15.00,125416271,ppec_paypal,PayPal
8454,completed,ILS,2020-01-21T22:01:02,2024-09-26T14:27:10,0.00,0.00,46.00,0,ppec_paypal,PayPal
8495,completed,ILS,2020-01-23T10:08:20,2024-09-26T14:27:09,0.00,0.00,18.00,0,ppec_paypal,PayPal
8513,completed,ILS,2020-01-23T22:45:21,2024-09-26T14:27:08,0.00,0.00,56.00,125416272,ppec_paypal,PayPal
8556,completed,ILS,2020-01-25T17:03:08,2024-09-26T14:27:07,0.00,0.00,46.00,0,ppec_paypal,PayPal
8630,completed,ILS,2020-01-28T19:47:26,2020-01-28T19:47:30,0.00,0.00,20.00,0,ppec_paypal,PayPal
8635,completed,ILS,2020-01-28T20:15:27,2020-01-28T20:15:31,0.00,0.00,20.00,125416273,ppec_paypal,PayPal
8961,completed,ILS,2020-02-10T21:09:17,2024-09-26T14:27:06,0.00,0.00,66.00,125416277,ppec_paypal,PayPal
8964,completed,ILS,2020-02-10T21:20:40,2024-09-26T14:27:05,0.00,0.00,18.00,125416247,ppec_paypal,PayPal
8967,completed,ILS,2020-02-10T22:37:53,2024-09-26T14:27:03,0.00,0.00,18.00,0,ppec_paypal,PayPal Checkout
8982,completed,ILS,2020-02-11T09:58:29,2024-09-26T14:27:02,0.00,0.00,18.00,125416278,ppec_paypal,PayPal Checkout
8989,completed,ILS,2020-02-11T13:58:26,2024-09-26T14:27:01,0.00,0.00,18.00,125416279,ppec_paypal,PayPal
9023,completed,ILS,2020-02-15T19:16:57,2024-09-26T14:26:59,0.00,0.00,46.00,125416180,ppec_paypal,PayPal
9024,completed,ILS,2020-02-15T20:23:42,2020-02-15T20:23:45,0.00,0.00,20.00,125416280,ppec_paypal,PayPal
9026,completed,ILS,2020-02-16T15:24:20,2024-09-26T14:26:58,0.00,0.00,28.00,0,ppec_paypal,PayPal
9056,completed,ILS,2020-02-29T19:44:18,2024-09-26T14:26:57,0.00,0.00,10.00,125416283,ppec_paypal,PayPal
9057,completed,ILS,2020-03-02T01:52:34,2024-09-26T14:26:56,0.00,0.00,100.00,0,ppec_paypal,PayPal
9058,completed,ILS,2020-03-02T02:08:45,2024-09-26T14:26:54,0.00,0.00,20.00,0,ppec_paypal,PayPal
9059,processing,ILS,2020-03-02T07:23:55,2020-03-02T07:23:59,0.00,0.00,90.00,125416284,ppec_paypal,PayPal
9060,processing,ILS,2020-03-02T08:02:42,2020-03-02T08:02:46,0.00,0.00,10.00,125416285,ppec_paypal,PayPal
9061,processing,ILS,2020-03-02T08:59:19,2020-03-02T08:59:23,0.00,0.00,160.00,125416286,ppec_paypal,PayPal Checkout
9062,processing,ILS,2020-03-02T09:03:59,2021-07-24T10:48:52,0.00,0.00,40.00,0,ppec_paypal,PayPal
9063,completed,ILS,2020-03-02T09:16:09,2021-11-08T20:48:19,0.00,0.00,180.00,125416287,ppec_paypal,PayPal
9064,processing,ILS,2020-03-02T10:00:09,2020-03-02T10:00:13,0.00,0.00,120.00,0,ppec_paypal,PayPal
9065,processing,ILS,2020-03-02T10:27:16,2020-03-02T10:27:20,0.00,0.00,30.00,125416288,ppec_paypal,PayPal
9066,completed,ILS,2020-03-02T12:08:42,2020-03-02T12:08:45,0.00,0.00,20.00,0,ppec_paypal,PayPal Checkout
9067,processing,ILS,2020-03-02T12:58:17,2020-03-02T12:58:20,0.00,0.00,30.00,0,ppec_paypal,PayPal Checkout
9068,completed,ILS,2020-03-02T13:22:30,2020-03-02T13:22:33,0.00,0.00,10.00,0,ppec_paypal,PayPal Checkout
9069,processing,ILS,2020-03-02T17:24:51,2020-03-02T17:24:53,0.00,0.00,50.00,0,ppec_paypal,PayPal
9070,processing,ILS,2020-03-02T19:10:19,2020-03-02T19:10:22,0.00,0.00,50.00,125416278,ppec_paypal,PayPal Checkout
9071,processing,ILS,2020-03-02T20:17:09,2020-03-02T20:17:13,0.00,0.00,10.00,0,ppec_paypal,PayPal
9072,processing,ILS,2020-03-02T20:29:43,2020-03-02T20:29:46,0.00,0.00,10.00,0,ppec_paypal,PayPal
9073,processing,ILS,2020-03-02T20:47:58,2020-03-02T20:48:02,0.00,0.00,40.00,125416187,ppec_paypal,PayPal
9074,processing,ILS,2020-03-02T21:07:20,2020-03-02T21:07:24,0.00,0.00,20.00,125416290,ppec_paypal,PayPal
9075,processing,ILS,2020-03-02T21:19:43,2020-03-02T21:19:46,0.00,0.00,40.00,0,ppec_paypal,PayPal
9076,processing,ILS,2020-03-02T21:32:53,2020-03-02T21:32:57,0.00,0.00,50.00,0,ppec_paypal,PayPal
9078,processing,ILS,2020-03-02T22:40:59,2020-03-02T22:41:02,0.00,0.00,90.00,0,ppec_paypal,PayPal Checkout
9079,processing,ILS,2020-03-02T22:52:17,2020-03-02T22:52:20,0.00,0.00,100.00,0,ppec_paypal,PayPal Checkout
9080,processing,ILS,2020-03-02T23:47:03,2020-03-02T23:47:07,0.00,0.00,30.00,0,ppec_paypal,PayPal
9084,processing,ILS,2020-03-06T22:09:38,2020-03-06T22:09:41,0.00,0.00,28.00,0,ppec_paypal,PayPal
9171,processing,ILS,2020-03-25T08:26:03,2020-03-25T08:26:06,0.00,0.00,18.00,0,ppec_paypal,PayPal
9219,completed,ILS,2020-04-10T20:26:41,2020-04-10T20:26:45,0.00,0.00,35.00,0,ppec_paypal,PayPal
9388,processing,ILS,2020-05-03T18:02:08,2020-05-03T18:02:10,0.00,0.00,28.00,0,ppec_paypal,PayPal Checkout
9458,completed,ILS,2020-05-04T20:11:34,2020-05-04T20:11:38,0.00,0.00,75.00,125416314,ppec_paypal,PayPal
9459,completed,ILS,2020-05-04T20:15:42,2020-05-04T20:15:44,0.00,0.00,75.00,0,ppec_paypal,PayPal Checkout
9460,completed,ILS,2020-05-04T20:21:50,2020-05-04T20:21:54,0.00,0.00,75.00,125416186,ppec_paypal,PayPal
9461,completed,ILS,2020-05-04T21:06:58,2020-05-04T21:07:02,0.00,0.00,75.00,0,ppec_paypal,PayPal
9462,completed,ILS,2020-05-04T21:35:35,2020-05-04T21:35:39,0.00,0.00,75.00,0,ppec_paypal,PayPal
9463,completed,ILS,2020-05-04T21:41:40,2020-05-04T21:41:44,0.00,0.00,75.00,0,ppec_paypal,PayPal
9464,completed,ILS,2020-05-04T22:08:18,2020-05-04T22:08:22,0.00,0.00,75.00,0,ppec_paypal,PayPal
9465,completed,ILS,2020-05-04T22:24:29,2020-05-04T23:43:46,0.00,0.00,75.00,0,ppec_paypal,PayPal
9467,completed,ILS,2020-05-04T22:38:05,2020-05-04T22:38:08,0.00,0.00,75.00,0,ppec_paypal,PayPal Checkout
9468,completed,ILS,2020-05-04T23:21:10,2020-05-04T23:21:12,0.00,0.00,75.00,0,ppec_paypal,PayPal Checkout
9469,completed,ILS,2020-05-04T23:57:49,2020-05-04T23:57:53,0.00,0.00,75.00,125416315,ppec_paypal,PayPal
9471,completed,ILS,2020-05-05T08:49:33,2020-05-05T08:49:36,0.00,0.00,75.00,0,ppec_paypal,PayPal Checkout
9472,completed,ILS,2020-05-05T14:08:29,2021-11-08T20:08:01,0.00,0.00,75.00,0,ppec_paypal,PayPal
9474,completed,ILS,2020-05-05T15:46:12,2020-05-05T15:46:15,0.00,0.00,75.00,125416317,ppec_paypal,PayPal
9475,completed,ILS,2020-05-05T16:28:23,2020-05-05T16:28:27,0.00,0.00,75.00,0,ppec_paypal,PayPal
9477,completed,ILS,2020-05-05T17:44:32,2020-05-05T17:44:35,0.00,0.00,75.00,0,ppec_paypal,PayPal Checkout
9478,completed,ILS,2020-05-05T20:47:33,2020-05-05T20:47:37,0.00,0.00,75.00,125416319,ppec_paypal,PayPal
9483,completed,ILS,2020-05-05T22:44:09,2020-05-05T22:44:13,0.00,0.00,75.00,0,ppec_paypal,PayPal Checkout
9484,completed,ILS,2020-05-05T22:54:46,2020-05-05T22:54:49,0.00,0.00,75.00,0,ppec_paypal,PayPal Checkout
9485,completed,ILS,2020-05-06T18:37:48,2020-05-06T18:37:51,0.00,0.00,75.00,125416320,ppec_paypal,PayPal Checkout
9486,completed,ILS,2020-05-08T09:15:37,2020-05-08T09:15:40,0.00,0.00,75.00,125416170,ppec_paypal,PayPal
9503,completed,ILS,2020-05-08T16:34:16,2020-05-08T16:34:19,0.00,0.00,75.00,125416321,ppec_paypal,PayPal
9505,processing,ILS,2020-05-11T09:16:19,2020-05-11T09:16:22,0.00,0.00,28.00,0,ppec_paypal,PayPal
9509,completed,ILS,2020-05-12T12:00:23,2020-05-12T12:00:26,0.00,0.00,75.00,0,ppec_paypal,PayPal Checkout
9512,processing,ILS,2020-05-14T21:47:36,2020-05-14T21:47:39,0.00,0.00,18.00,0,ppec_paypal,PayPal
9514,completed,ILS,2020-05-19T11:54:09,2020-05-19T11:54:13,0.00,0.00,75.00,0,ppec_paypal,PayPal
9524,processing,ILS,2020-05-20T16:31:16,2020-05-20T16:31:19,0.00,0.00,28.00,125416326,ppec_paypal,PayPal Checkout
9525,processing,ILS,2020-05-21T16:43:35,2020-05-21T16:43:38,0.00,0.00,91.00,125416327,ppec_paypal,PayPal
9526,completed,ILS,2020-05-23T17:13:46,2020-05-23T17:13:50,0.00,0.00,75.00,125416258,ppec_paypal,PayPal
9539,processing,ILS,2020-05-23T20:27:16,2020-05-23T20:27:19,0.00,0.00,15.00,125416180,ppec_paypal,PayPal
9542,processing,ILS,2020-05-23T20:35:48,2020-05-23T20:35:50,0.00,0.00,43.00,0,ppec_paypal,PayPal Checkout
9543,processing,ILS,2020-05-23T20:46:53,2020-05-23T20:46:56,0.00,0.00,15.00,0,ppec_paypal,PayPal Checkout
9544,processing,ILS,2020-05-23T20:47:14,2020-05-23T20:47:16,0.00,0.00,15.00,125416315,ppec_paypal,PayPal
9545,processing,ILS,2020-05-23T20:55:37,2020-05-23T20:55:40,0.00,0.00,15.00,125416328,ppec_paypal,PayPal
9546,processing,ILS,2020-05-23T21:01:26,2020-05-23T21:01:30,0.00,0.00,15.00,125416230,ppec_paypal,PayPal
9547,processing,ILS,2020-05-23T21:11:35,2020-05-23T21:11:38,0.00,0.00,15.00,125416329,ppec_paypal,PayPal
9548,processing,ILS,2020-05-23T22:12:30,2020-05-23T22:12:33,0.00,0.00,15.00,0,ppec_paypal,PayPal
9549,processing,ILS,2020-05-23T22:21:58,2020-05-23T22:22:01,0.00,0.00,15.00,125416330,ppec_paypal,PayPal
9550,processing,ILS,2020-05-23T22:25:25,2020-05-23T22:25:28,0.00,0.00,15.00,0,ppec_paypal,PayPal
9551,processing,ILS,2020-05-23T22:51:45,2020-05-23T22:51:48,0.00,0.00,15.00,125416263,ppec_paypal,PayPal
9552,processing,ILS,2020-05-23T23:36:49,2020-05-23T23:36:53,0.00,0.00,15.00,0,ppec_paypal,PayPal
9553,processing,ILS,2020-05-24T00:31:38,2020-05-24T00:31:41,0.00,0.00,15.00,0,ppec_paypal,PayPal
9554,processing,ILS,2020-05-24T05:49:40,2020-05-24T05:49:43,0.00,0.00,15.00,125416167,ppec_paypal,PayPal
9555,processing,ILS,2020-05-24T06:45:53,2020-05-24T06:45:55,0.00,0.00,15.00,0,ppec_paypal,PayPal Checkout
9556,processing,ILS,2020-05-24T07:12:44,2020-05-24T07:12:47,0.00,0.00,15.00,0,ppec_paypal,PayPal
9557,processing,ILS,2020-05-24T07:42:44,2020-05-24T07:42:47,0.00,0.00,15.00,0,ppec_paypal,PayPal
9558,processing,ILS,2020-05-24T09:25:38,2020-05-24T09:25:41,0.00,0.00,15.00,125416259,ppec_paypal,PayPal
9559,processing,ILS,2020-05-24T10:20:55,2021-11-08T20:10:11,0.00,0.00,15.00,0,ppec_paypal,PayPal
9560,processing,ILS,2020-05-24T13:56:59,2020-05-24T13:57:02,0.00,0.00,15.00,0,ppec_paypal,PayPal
9561,processing,ILS,2020-05-24T14:23:45,2020-05-24T14:23:48,0.00,0.00,15.00,0,ppec_paypal,PayPal Checkout
9562,processing,ILS,2020-05-24T18:38:32,2020-05-24T18:38:36,0.00,0.00,30.00,0,ppec_paypal,PayPal
9563,processing,ILS,2020-05-24T21:47:09,2020-05-24T21:47:13,0.00,0.00,15.00,125416332,ppec_paypal,PayPal
9564,processing,ILS,2020-05-24T23:05:43,2020-05-24T23:05:46,0.00,0.00,15.00,0,ppec_paypal,PayPal Checkout
9565,processing,ILS,2020-05-25T15:58:50,2020-05-25T15:58:53,0.00,0.00,15.00,0,ppec_paypal,PayPal
9566,processing,ILS,2020-05-25T19:19:14,2020-05-25T19:19:18,0.00,0.00,15.00,125416306,ppec_paypal,PayPal
9567,processing,ILS,2020-05-26T08:21:21,2020-05-26T08:21:24,0.00,0.00,15.00,0,ppec_paypal,PayPal
9592,processing,ILS,2020-05-27T14:38:29,2020-05-27T14:38:31,0.00,0.00,17.00,0,ppec_paypal,PayPal Checkout
9593,processing,ILS,2020-05-27T16:05:37,2020-05-27T16:05:40,0.00,0.00,17.00,0,ppec_paypal,PayPal Checkout
9594,processing,ILS,2020-05-27T16:08:44,2020-05-27T16:08:47,0.00,0.00,17.00,0,ppec_paypal,PayPal
9595,processing,ILS,2020-05-27T19:40:25,2020-05-27T19:40:28,0.00,0.00,17.00,125416336,ppec_paypal,PayPal
9596,processing,ILS,2020-05-27T20:42:12,2020-05-27T20:42:16,0.00,0.00,17.00,0,ppec_paypal,PayPal
9632,completed,ILS,2020-05-30T19:14:27,2020-05-30T19:14:30,0.00,0.00,75.00,0,ppec_paypal,PayPal Checkout
9633,processing,ILS,2020-05-31T00:21:39,2020-05-31T00:21:43,0.00,0.00,49.00,125416171,ppec_paypal,PayPal
9634,processing,ILS,2020-06-01T08:19:41,2020-06-01T08:19:44,0.00,0.00,17.00,0,ppec_paypal,PayPal Checkout
9636,processing,ILS,2020-06-01T12:58:32,2020-06-01T12:58:35,0.00,0.00,17.00,125416338,ppec_paypal,PayPal Checkout
9637,processing,ILS,2020-06-02T10:16:20,2020-06-02T10:16:24,0.00,0.00,17.00,0,ppec_paypal,PayPal
9638,processing,ILS,2020-06-02T10:58:02,2020-06-02T10:58:06,0.00,0.00,17.00,125416339,ppec_paypal,PayPal
9648,processing,ILS,2020-06-02T17:56:04,2020-06-02T17:56:07,0.00,0.00,17.00,0,ppec_paypal,PayPal
9649,processing,ILS,2020-06-02T22:17:27,2020-06-02T22:17:30,0.00,0.00,17.00,0,ppec_paypal,PayPal Checkout
9650,processing,ILS,2020-06-03T13:06:28,2020-06-03T13:06:32,0.00,0.00,128.00,125416219,ppec_paypal,PayPal
9655,processing,ILS,2020-06-03T21:43:37,2020-06-03T21:43:41,0.00,0.00,17.00,125416177,ppec_paypal,PayPal
9657,processing,ILS,2020-06-03T22:13:38,2020-06-03T22:13:41,0.00,0.00,17.00,0,ppec_paypal,PayPal
9659,processing,ILS,2020-06-04T13:20:41,2020-06-04T13:20:44,0.00,0.00,28.00,0,ppec_paypal,PayPal
9687,processing,ILS,2020-06-06T12:33:58,2020-06-06T12:34:02,0.00,0.00,17.00,0,ppec_paypal,PayPal
9688,processing,ILS,2020-06-06T19:40:02,2020-06-06T19:40:06,0.00,0.00,17.00,125416340,ppec_paypal,PayPal
9689,processing,ILS,2020-06-06T20:42:45,2020-06-06T20:42:49,0.00,0.00,17.00,0,ppec_paypal,PayPal
9690,processing,ILS,2020-06-06T21:28:34,2020-06-06T21:28:37,0.00,0.00,17.00,125416341,ppec_paypal,PayPal
9691,processing,ILS,2020-06-07T10:43:58,2020-06-07T10:44:01,0.00,0.00,17.00,0,ppec_paypal,PayPal Checkout
9692,processing,ILS,2020-06-07T14:57:42,2020-06-07T14:57:46,0.00,0.00,17.00,0,ppec_paypal,PayPal
9693,processing,ILS,2020-06-07T16:16:58,2020-06-07T16:17:02,0.00,0.00,35.00,125416172,ppec_paypal,PayPal
9694,processing,ILS,2020-06-07T21:15:19,2020-06-07T21:15:22,0.00,0.00,35.00,0,ppec_paypal,PayPal Checkout
9695,processing,ILS,2020-06-07T22:41:56,2020-06-07T22:41:59,0.00,0.00,17.00,0,ppec_paypal,PayPal
9696,processing,ILS,2020-06-08T07:29:02,2020-06-08T07:29:04,0.00,0.00,17.00,0,ppec_paypal,PayPal Checkout
9699,processing,ILS,2020-06-08T14:40:45,2020-06-08T14:40:48,0.00,0.00,17.00,0,ppec_paypal,PayPal Checkout
9701,processing,ILS,2020-06-08T17:00:20,2020-06-08T17:00:23,0.00,0.00,17.00,0,ppec_paypal,PayPal
9702,processing,ILS,2020-06-08T17:25:41,2020-06-08T17:25:44,0.00,0.00,17.00,0,ppec_paypal,PayPal Checkout
9704,processing,ILS,2020-06-08T20:22:29,2020-06-08T20:22:32,0.00,0.00,17.00,0,ppec_paypal,PayPal Checkout
9705,processing,ILS,2020-06-08T20:52:35,2020-06-08T20:52:38,0.00,0.00,17.00,0,ppec_paypal,PayPal Checkout
9706,processing,ILS,2020-06-09T01:04:49,2020-06-09T01:04:53,0.00,0.00,45.00,125416342,ppec_paypal,PayPal
9707,processing,ILS,2020-06-09T15:01:16,2020-06-09T15:01:19,0.00,0.00,17.00,125416343,ppec_paypal,PayPal
9708,processing,ILS,2020-06-09T19:05:24,2020-06-09T19:05:27,0.00,0.00,17.00,0,ppec_paypal,PayPal
9710,processing,ILS,2020-06-09T20:17:03,2020-06-09T20:17:06,0.00,0.00,180.00,125416344,ppec_paypal,PayPal Checkout
9731,processing,ILS,2020-06-10T14:36:47,2020-06-10T14:36:49,0.00,0.00,23.00,0,ppec_paypal,PayPal Checkout
9732,processing,ILS,2020-06-10T14:40:38,2020-06-10T14:40:41,0.00,0.00,17.00,0,ppec_paypal,PayPal Checkout
9733,processing,ILS,2020-06-10T14:49:59,2020-06-10T14:50:02,0.00,0.00,23.00,0,ppec_paypal,PayPal Checkout
9734,processing,ILS,2020-06-10T15:11:04,2020-06-10T15:11:07,0.00,0.00,23.00,125416345,ppec_paypal,PayPal Checkout
9735,processing,ILS,2020-06-10T15:27:41,2020-06-10T15:27:44,0.00,0.00,23.00,0,ppec_paypal,PayPal Checkout
9736,processing,ILS,2020-06-10T16:58:37,2020-06-10T16:58:39,0.00,0.00,23.00,0,ppec_paypal,PayPal Checkout
9737,processing,ILS,2020-06-10T22:06:16,2020-06-10T22:06:19,0.00,0.00,23.00,125416248,ppec_paypal,PayPal Checkout
9738,processing,ILS,2020-06-10T22:23:57,2020-06-10T22:24:00,0.00,0.00,40.00,0,ppec_paypal,PayPal Checkout
9740,processing,ILS,2020-06-11T08:45:16,2020-06-11T08:45:19,0.00,0.00,17.00,0,ppec_paypal,PayPal
9741,processing,ILS,2020-06-11T19:26:29,2020-06-11T19:26:33,0.00,0.00,17.00,0,ppec_paypal,PayPal
9742,processing,ILS,2020-06-12T22:34:03,2020-06-12T22:34:05,0.00,0.00,52.00,0,ppec_paypal,PayPal Checkout
9743,processing,ILS,2020-06-13T20:23:53,2020-06-13T20:23:56,0.00,0.00,57.00,125416348,ppec_paypal,PayPal
9747,processing,ILS,2020-06-14T19:42:03,2020-06-14T19:42:07,0.00,0.00,17.00,0,ppec_paypal,PayPal
9748,completed,ILS,2020-06-14T21:40:19,2020-06-14T21:40:22,0.00,0.00,54.00,0,ppec_paypal,PayPal
9749,processing,ILS,2020-06-14T21:44:44,2020-06-14T21:44:47,0.00,0.00,23.00,0,ppec_paypal,PayPal Checkout
9750,processing,ILS,2020-06-15T06:02:53,2020-06-15T06:02:56,0.00,0.00,23.00,0,ppec_paypal,PayPal Checkout
9751,processing,ILS,2020-06-15T11:10:11,2020-06-15T11:10:14,0.00,0.00,17.00,125416349,ppec_paypal,PayPal
9757,processing,ILS,2020-06-16T13:58:15,2020-06-16T13:58:19,0.00,0.00,17.00,0,ppec_paypal,PayPal
9758,processing,ILS,2020-06-16T16:15:43,2020-06-16T16:15:46,0.00,0.00,17.00,125416350,ppec_paypal,PayPal Checkout
9760,processing,ILS,2020-06-17T08:49:41,2020-06-17T08:49:44,0.00,0.00,17.00,0,ppec_paypal,PayPal Checkout
9761,processing,ILS,2020-06-17T13:11:20,2020-06-17T13:11:23,0.00,0.00,17.00,125416351,ppec_paypal,PayPal
9776,processing,ILS,2020-06-18T12:21:14,2020-06-18T12:21:17,0.00,0.00,23.00,0,ppec_paypal,PayPal Checkout
9777,processing,ILS,2020-06-19T18:13:32,2021-06-04T19:09:38,0.00,0.00,17.00,0,ppec_paypal,PayPal
9778,processing,ILS,2020-06-19T18:18:10,2020-06-19T18:18:13,0.00,0.00,23.00,0,ppec_paypal,PayPal Checkout
9779,processing,ILS,2020-06-20T12:00:06,2020-06-20T12:00:09,0.00,0.00,17.00,0,ppec_paypal,PayPal
9783,processing,ILS,2020-06-21T17:03:04,2020-06-21T17:03:07,0.00,0.00,17.00,0,ppec_paypal,PayPal Checkout
9784,processing,ILS,2020-06-22T08:10:40,2020-06-22T08:10:44,0.00,0.00,48.00,125416353,ppec_paypal,PayPal
9787,processing,ILS,2020-06-22T13:07:18,2020-06-22T13:07:22,0.00,0.00,17.00,125416354,ppec_paypal,PayPal
9788,processing,ILS,2020-06-22T14:08:43,2020-06-22T14:08:45,0.00,0.00,17.00,125416355,ppec_paypal,PayPal
9789,processing,ILS,2020-06-24T16:41:36,2020-06-24T16:41:39,0.00,0.00,23.00,0,ppec_paypal,PayPal Checkout
9790,completed,ILS,2020-06-27T00:00:47,2020-06-27T00:00:50,0.00,0.00,75.00,0,ppec_paypal,PayPal Checkout
9791,processing,ILS,2020-06-27T04:44:48,2020-06-27T04:44:52,0.00,0.00,17.00,0,ppec_paypal,PayPal
9792,processing,ILS,2020-06-27T10:11:20,2020-06-27T10:11:23,0.00,0.00,138.00,0,ppec_paypal,PayPal Checkout
9796,processing,ILS,2020-06-27T16:58:29,2020-06-27T16:58:32,0.00,0.00,113.00,125416357,ppec_paypal,PayPal
9797,completed,ILS,2020-06-27T18:43:09,2020-06-27T18:43:13,0.00,0.00,75.00,0,ppec_paypal,PayPal
9798,processing,ILS,2020-06-27T23:28:22,2020-06-27T23:28:25,0.00,0.00,17.00,0,ppec_paypal,PayPal
9799,completed,ILS,2020-06-29T10:55:10,2020-06-29T10:55:13,0.00,0.00,75.00,0,ppec_paypal,PayPal
9801,pending,ILS,2020-06-30T16:04:43,2020-06-30T16:04:43,0.00,0.00,75.00,0,ppec_paypal,PayPal Checkout
9802,processing,ILS,2020-07-01T16:40:20,2020-07-01T16:40:23,0.00,0.00,127.00,125416358,ppec_paypal,PayPal Checkout
9805,processing,ILS,2020-07-02T10:40:07,2020-07-02T10:40:10,0.00,0.00,15.00,0,ppec_paypal,PayPal
9806,completed,ILS,2020-07-02T21:31:31,2020-07-02T21:31:33,0.00,0.00,35.00,0,ppec_paypal,PayPal Checkout
9807,completed,ILS,2020-07-04T11:30:02,2020-07-04T11:30:05,0.00,0.00,75.00,0,ppec_paypal,PayPal
9808,processing,ILS,2020-07-04T14:10:22,2020-07-04T14:10:25,0.00,0.00,110.00,0,ppec_paypal,PayPal
9809,completed,ILS,2020-07-04T17:46:17,2020-07-04T17:46:20,0.00,0.00,11.00,0,ppec_paypal,PayPal Checkout
9812,completed,ILS,2020-07-05T18:08:39,2020-07-05T18:08:43,0.00,0.00,75.00,0,ppec_paypal,PayPal
9814,completed,ILS,2020-07-06T16:30:49,2020-07-06T16:30:53,0.00,0.00,108.00,125416172,ppec_paypal,PayPal
9815,processing,ILS,2020-07-06T19:55:27,2020-07-06T19:55:30,0.00,0.00,82.00,0,ppec_paypal,PayPal Checkout
9816,processing,ILS,2020-07-06T20:30:36,2020-07-06T20:30:40,0.00,0.00,123.00,0,ppec_paypal,PayPal
9817,completed,ILS,2020-07-07T02:07:20,2020-07-07T02:07:24,0.00,0.00,54.00,0,ppec_paypal,PayPal Checkout
9819,processing,ILS,2020-07-07T11:58:26,2020-07-07T11:58:30,0.00,0.00,51.00,125416362,ppec_paypal,PayPal
9825,completed,ILS,2020-07-08T16:26:45,2020-07-08T16:26:48,0.00,0.00,54.00,0,ppec_paypal,PayPal
9826,processing,ILS,2020-07-08T18:57:45,2020-07-08T18:57:49,0.00,0.00,17.00,0,ppec_paypal,PayPal
9827,processing,ILS,2020-07-11T19:24:47,2020-10-16T12:13:59,0.00,0.00,205.00,0,ppec_paypal,PayPal
9828,completed,ILS,2020-07-11T23:45:41,2020-07-11T23:45:44,0.00,0.00,75.00,125416363,ppec_paypal,PayPal Checkout
9829,completed,ILS,2020-07-12T13:10:28,2020-07-12T13:10:31,0.00,0.00,17.00,0,ppec_paypal,PayPal Checkout
9836,completed,ILS,2020-07-14T19:50:07,2020-07-14T19:50:10,0.00,0.00,35.00,0,ppec_paypal,PayPal Checkout
9837,completed,ILS,2020-07-15T18:25:22,2020-07-15T18:25:25,0.00,0.00,70.00,125416365,ppec_paypal,PayPal
9839,processing,ILS,2020-07-15T18:33:00,2020-07-15T18:33:03,0.00,0.00,67.00,125416366,ppec_paypal,PayPal
9840,completed,ILS,2020-07-15T23:28:46,2020-07-15T23:28:49,0.00,0.00,75.00,0,ppec_paypal,PayPal
9872,completed,ILS,2020-07-18T18:38:13,2020-07-18T18:38:17,0.00,0.00,35.00,0,ppec_paypal,PayPal
9873,processing,ILS,2020-07-18T18:46:24,2020-07-18T18:46:27,0.00,0.00,65.00,0,ppec_paypal,PayPal Checkout
9874,processing,ILS,2020-07-19T14:11:38,2020-07-19T14:11:41,0.00,0.00,40.00,125416368,ppec_paypal,PayPal Checkout
9875,processing,ILS,2020-07-19T14:37:37,2020-07-19T14:37:41,0.00,0.00,63.00,125416186,ppec_paypal,PayPal
9877,processing,ILS,2020-07-19T18:37:36,2020-07-19T18:37:40,0.00,0.00,17.00,0,ppec_paypal,PayPal
9878,processing,ILS,2020-07-19T19:22:08,2020-07-19T19:22:12,0.00,0.00,111.00,0,ppec_paypal,PayPal
9879,processing,ILS,2020-07-19T20:13:42,2020-07-19T20:13:46,0.00,0.00,40.00,125416369,ppec_paypal,PayPal
9896,processing,ILS,2020-07-20T07:18:37,2020-07-20T07:18:41,0.00,0.00,45.00,0,ppec_paypal,PayPal
9897,processing,ILS,2020-07-20T07:56:50,2020-07-20T07:56:54,0.00,0.00,65.00,0,ppec_paypal,PayPal
9898,processing,ILS,2020-07-20T08:08:59,2020-07-20T08:09:02,0.00,0.00,65.00,0,ppec_paypal,PayPal
9899,processing,ILS,2020-07-20T12:30:21,2020-07-20T12:30:25,0.00,0.00,188.00,125416370,ppec_paypal,PayPal
9905,processing,ILS,2020-07-21T13:42:40,2020-07-21T13:42:43,0.00,0.00,45.00,125416372,ppec_paypal,PayPal
9906,processing,ILS,2020-07-21T18:16:23,2020-07-21T18:16:26,0.00,0.00,65.00,0,ppec_paypal,PayPal Checkout
9908,processing,ILS,2020-07-23T08:10:23,2020-07-23T08:10:27,0.00,0.00,48.00,0,ppec_paypal,PayPal
9909,processing,ILS,2020-07-23T16:41:56,2020-07-23T16:41:59,0.00,0.00,28.00,0,ppec_paypal,PayPal
9911,completed,ILS,2020-07-23T22:21:26,2020-07-23T22:21:29,0.00,0.00,17.00,125416329,ppec_paypal,PayPal
9912,processing,ILS,2020-07-25T14:16:46,2020-07-25T14:16:49,0.00,0.00,161.00,0,ppec_paypal,PayPal
9918,processing,ILS,2020-07-26T10:38:46,2020-07-26T10:38:50,0.00,0.00,65.00,0,ppec_paypal,PayPal
9919,processing,ILS,2020-07-26T11:08:21,2020-07-26T11:08:24,0.00,0.00,63.00,0,ppec_paypal,PayPal
9921,processing,ILS,2020-07-26T18:39:58,2020-07-26T18:40:02,0.00,0.00,58.00,125416374,ppec_paypal,PayPal
9955,processing,ILS,2020-07-26T23:37:18,2020-07-26T23:37:21,0.00,0.00,35.00,0,ppec_paypal,PayPal Checkout
9956,processing,ILS,2020-07-27T09:24:29,2020-07-27T09:24:32,0.00,0.00,108.00,125416248,ppec_paypal,PayPal Checkout
9957,processing,ILS,2020-07-27T09:37:44,2020-07-27T09:37:47,0.00,0.00,65.00,0,ppec_paypal,PayPal
9958,processing,ILS,2020-07-27T09:50:55,2020-07-27T09:50:58,0.00,0.00,35.00,0,ppec_paypal,PayPal
9960,processing,ILS,2020-07-27T10:37:49,2020-07-27T10:37:52,0.00,0.00,109.00,125416375,ppec_paypal,PayPal
9961,processing,ILS,2020-07-27T10:53:32,2020-07-27T10:53:35,0.00,0.00,17.00,0,ppec_paypal,PayPal
9962,completed,ILS,2020-07-27T11:37:01,2020-07-27T11:37:03,0.00,0.00,75.00,0,ppec_paypal,PayPal Checkout
9963,processing,ILS,2020-07-27T13:57:54,2024-08-28T18:45:49,0.00,0.00,35.00,125416377,ppec_paypal,PayPal
9965,completed,ILS,2020-07-27T21:23:16,2020-07-27T21:23:19,0.00,0.00,75.00,125416378,ppec_paypal,PayPal
9966,completed,ILS,2020-07-27T22:09:37,2020-07-27T22:09:41,0.00,0.00,11.00,125416367,ppec_paypal,PayPal
9967,processing,ILS,2020-07-27T22:30:39,2020-07-27T22:30:42,0.00,0.00,48.00,125416367,ppec_paypal,PayPal
9968,completed,ILS,2020-07-28T10:17:47,2020-07-28T10:17:50,0.00,0.00,75.00,0,ppec_paypal,PayPal
9969,processing,ILS,2020-07-28T11:02:58,2020-07-28T11:03:02,0.00,0.00,48.00,0,ppec_paypal,PayPal
9982,processing,ILS,2020-07-28T13:54:38,2020-07-28T13:54:42,0.00,0.00,65.00,0,ppec_paypal,PayPal
9983,completed,ILS,2020-07-28T14:50:26,2020-07-28T14:50:29,0.00,0.00,35.00,0,ppec_paypal,PayPal
9985,processing,ILS,2020-07-28T19:20:00,2020-07-28T19:20:04,0.00,0.00,96.00,125416380,ppec_paypal,PayPal
9987,processing,ILS,2020-07-29T12:51:45,2020-07-29T12:51:48,0.00,0.00,40.00,0,ppec_paypal,PayPal Checkout
9988,completed,ILS,2020-07-29T16:00:43,2020-08-06T13:56:21,0.00,0.00,75.00,125416381,ppec_paypal,PayPal
9989,completed,ILS,2020-07-29T16:30:00,2020-11-22T08:00:37,0.00,0.00,75.00,0,ppec_paypal,PayPal Checkout
10009,processing,ILS,2020-07-30T00:05:11,2020-07-30T00:05:15,0.00,0.00,35.00,0,ppec_paypal,PayPal Checkout
10011,processing,ILS,2020-07-30T12:45:17,2020-07-30T12:45:19,0.00,0.00,65.00,0,ppec_paypal,PayPal
10012,processing,ILS,2020-07-31T10:28:00,2020-07-31T10:28:03,0.00,0.00,48.00,0,ppec_paypal,PayPal Checkout
10013,processing,ILS,2020-08-01T09:01:10,2020-08-01T09:01:13,0.00,0.00,35.00,0,ppec_paypal,PayPal
10016,completed,ILS,2020-08-02T17:27:42,2020-08-02T17:27:45,0.00,0.00,75.00,0,ppec_paypal,PayPal Checkout
10018,processing,ILS,2020-08-02T19:55:40,2020-08-02T19:55:44,0.00,0.00,48.00,0,ppec_paypal,PayPal
10019,processing,ILS,2020-08-02T20:50:09,2020-08-02T20:50:12,0.00,0.00,40.00,0,ppec_paypal,PayPal Checkout
10020,processing,ILS,2020-08-02T23:21:37,2020-08-02T23:21:40,0.00,0.00,28.00,0,ppec_paypal,PayPal Checkout
10021,completed,ILS,2020-08-03T00:04:52,2020-08-03T00:04:56,0.00,0.00,20.00,0,ppec_paypal,PayPal
10023,processing,ILS,2020-08-03T08:38:21,2020-08-03T08:38:24,0.00,0.00,40.00,0,ppec_paypal,PayPal
10024,completed,ILS,2020-08-03T11:14:22,2020-08-03T11:14:26,0.00,0.00,75.00,125416384,ppec_paypal,PayPal
10025,processing,ILS,2020-08-03T12:05:36,2020-08-03T12:05:39,0.00,0.00,40.00,0,ppec_paypal,PayPal
10026,processing,ILS,2020-08-03T13:16:14,2020-08-03T13:16:17,0.00,0.00,65.00,0,ppec_paypal,PayPal Checkout
10027,completed,ILS,2020-08-03T14:40:36,2020-08-03T14:40:40,0.00,0.00,20.00,0,ppec_paypal,PayPal Checkout
10028,processing,ILS,2020-08-03T14:44:48,2020-08-03T14:44:52,0.00,0.00,65.00,0,ppec_paypal,PayPal
10029,completed,ILS,2020-08-03T15:02:10,2020-08-03T15:02:14,0.00,0.00,35.00,0,ppec_paypal,PayPal
10047,processing,ILS,2020-08-03T18:32:26,2020-08-03T18:32:29,0.00,0.00,70.00,0,ppec_paypal,PayPal Checkout
10048,processing,ILS,2020-08-03T18:40:50,2020-08-03T18:40:54,0.00,0.00,82.00,0,ppec_paypal,PayPal
10051,processing,ILS,2020-08-03T21:34:13,2020-08-03T21:34:17,0.00,0.00,35.00,0,ppec_paypal,PayPal Checkout
10052,processing,ILS,2020-08-03T22:51:05,2020-08-03T22:51:08,0.00,0.00,18.00,0,ppec_paypal,PayPal
10053,processing,ILS,2020-08-03T23:18:10,2020-08-03T23:18:14,0.00,0.00,40.00,0,ppec_paypal,PayPal
10055,completed,ILS,2020-08-04T11:56:55,2020-08-04T11:56:59,0.00,0.00,17.00,0,ppec_paypal,PayPal
10057,processing,ILS,2020-08-04T14:44:06,2020-08-04T14:44:10,0.00,0.00,52.00,0,ppec_paypal,PayPal Checkout
10062,processing,ILS,2020-08-04T17:23:22,2020-08-04T17:23:26,0.00,0.00,18.00,0,ppec_paypal,PayPal
10063,processing,ILS,2020-08-04T21:37:16,2020-08-04T21:37:20,0.00,0.00,83.00,0,ppec_paypal,PayPal
10065,processing,ILS,2020-08-05T10:46:30,2020-08-05T10:46:33,0.00,0.00,95.00,125416388,ppec_paypal,PayPal Checkout
10069,completed,ILS,2020-08-05T12:52:11,2020-08-05T12:52:14,0.00,0.00,75.00,0,ppec_paypal,PayPal
10072,processing,ILS,2020-08-05T14:41:55,2020-08-05T14:41:58,0.00,0.00,45.00,0,ppec_paypal,PayPal
10076,processing,ILS,2020-08-05T15:33:00,2020-08-05T15:33:04,0.00,0.00,45.00,125416389,ppec_paypal,PayPal Checkout
10077,processing,ILS,2020-08-05T16:24:48,2020-08-05T16:24:52,0.00,0.00,48.00,0,ppec_paypal,PayPal
10088,completed,ILS,2020-08-05T20:44:33,2020-08-05T20:44:37,0.00,0.00,35.00,0,ppec_paypal,PayPal
10089,processing,ILS,2020-08-05T22:59:58,2020-08-05T23:00:02,0.00,0.00,75.00,0,ppec_paypal,PayPal Checkout
10090,processing,ILS,2020-08-06T00:39:43,2020-08-06T00:44:10,0.00,0.00,45.00,125416250,ppec_paypal,PayPal Checkout
10091,processing,ILS,2020-08-06T00:42:53,2020-08-06T00:42:57,0.00,0.00,45.00,0,ppec_paypal,PayPal
10092,completed,ILS,2020-08-06T08:09:01,2020-08-06T08:09:04,0.00,0.00,35.00,125416391,ppec_paypal,PayPal Checkout
10093,processing,ILS,2020-08-06T09:56:11,2020-08-06T09:56:13,0.00,0.00,65.00,0,ppec_paypal,PayPal Checkout
10097,processing,ILS,2020-08-06T21:32:05,2020-08-06T21:32:09,0.00,0.00,65.00,0,ppec_paypal,PayPal
10098,processing,ILS,2020-08-06T23:14:30,2020-08-06T23:14:33,0.00,0.00,40.00,125416392,ppec_paypal,PayPal
10099,processing,ILS,2020-08-07T03:18:10,2020-08-07T03:18:14,0.00,0.00,93.00,125416384,ppec_paypal,PayPal Checkout
10100,processing,ILS,2020-08-07T09:36:14,2020-08-07T09:36:17,0.00,0.00,45.00,0,ppec_paypal,PayPal Checkout
10101,processing,ILS,2020-08-08T11:04:53,2020-08-08T11:04:55,0.00,0.00,35.00,0,ppec_paypal,PayPal Checkout
10102,processing,ILS,2020-08-08T11:10:48,2020-08-08T11:10:51,0.00,0.00,17.00,125416284,ppec_paypal,PayPal
10103,processing,ILS,2020-08-08T16:19:54,2020-08-08T16:19:57,0.00,0.00,48.00,125416393,ppec_paypal,PayPal
10105,processing,ILS,2020-08-09T15:45:53,2020-08-09T15:45:55,0.00,0.00,88.00,0,ppec_paypal,PayPal Checkout
10106,processing,ILS,2020-08-09T17:02:16,2020-08-09T17:02:20,0.00,0.00,40.00,125416394,ppec_paypal,PayPal
10108,completed,ILS,2020-08-09T22:31:34,2020-08-09T22:31:37,0.00,0.00,35.00,125416263,ppec_paypal,PayPal Checkout
10109,processing,ILS,2020-08-10T11:15:07,2020-08-10T11:15:09,0.00,0.00,50.00,0,ppec_paypal,PayPal
10110,completed,ILS,2020-08-10T15:16:12,2020-08-10T15:16:15,0.00,0.00,35.00,0,ppec_paypal,PayPal Checkout
10115,completed,ILS,2020-08-10T22:56:17,2020-08-10T22:56:21,0.00,0.00,75.00,0,ppec_paypal,PayPal
10116,completed,ILS,2020-08-10T23:07:24,2020-08-10T23:07:27,0.00,0.00,35.00,125416213,ppec_paypal,PayPal
10117,processing,ILS,2020-08-11T00:10:24,2020-08-11T00:10:27,0.00,0.00,10.00,0,ppec_paypal,PayPal Checkout
10118,processing,ILS,2020-08-11T01:24:48,2020-08-11T01:24:51,0.00,0.00,48.00,0,ppec_paypal,PayPal Checkout
10119,processing,ILS,2020-08-11T07:19:31,2020-08-11T07:19:33,0.00,0.00,45.00,0,ppec_paypal,PayPal Checkout
10120,processing,ILS,2020-08-11T07:28:16,2020-08-11T07:28:20,0.00,0.00,48.00,125416397,ppec_paypal,PayPal
10121,processing,ILS,2020-08-11T09:11:56,2020-08-11T09:12:00,0.00,0.00,82.00,0,ppec_paypal,PayPal
10122,processing,ILS,2020-08-11T10:21:10,2020-08-11T10:21:13,0.00,0.00,48.00,0,ppec_paypal,PayPal
10124,processing,ILS,2020-08-11T13:14:56,2020-08-11T13:14:59,0.00,0.00,76.00,125416257,ppec_paypal,PayPal Checkout
10126,processing,ILS,2020-08-11T14:42:02,2020-08-11T14:42:06,0.00,0.00,48.00,0,ppec_paypal,PayPal
10127,processing,ILS,2020-08-11T16:10:06,2020-08-11T16:10:09,0.00,0.00,45.00,0,ppec_paypal,PayPal
10128,processing,ILS,2020-08-12T00:15:10,2020-08-12T00:15:13,0.00,0.00,65.00,0,ppec_paypal,PayPal
10129,completed,ILS,2020-08-12T11:43:32,2020-08-12T11:43:35,0.00,0.00,75.00,0,ppec_paypal,PayPal
10130,completed,ILS,2020-08-12T13:54:37,2020-08-12T13:54:40,0.00,0.00,35.00,0,ppec_paypal,PayPal Checkout
10131,processing,ILS,2020-08-12T14:30:36,2020-08-12T14:30:39,0.00,0.00,45.00,125416387,ppec_paypal,PayPal Checkout
10133,processing,ILS,2020-08-12T14:56:14,2020-08-12T14:56:17,0.00,0.00,48.00,0,ppec_paypal,PayPal
10134,processing,ILS,2020-08-12T14:57:31,2020-08-12T14:57:34,0.00,0.00,48.00,125416398,ppec_paypal,PayPal Checkout
10135,processing,ILS,2020-08-12T17:50:33,2020-08-12T17:50:36,0.00,0.00,15.00,0,ppec_paypal,PayPal Checkout
10136,processing,ILS,2020-08-12T21:00:19,2020-08-12T21:00:22,0.00,0.00,45.00,0,ppec_paypal,PayPal Checkout
10137,processing,ILS,2020-08-13T08:11:24,2020-08-13T08:11:28,0.00,0.00,57.00,0,ppec_paypal,PayPal
10139,processing,ILS,2020-08-13T09:22:33,2020-08-13T09:22:37,0.00,0.00,48.00,125416399,ppec_paypal,PayPal
10140,completed,ILS,2020-08-13T09:32:39,2026-01-12T19:44:51,0.00,0.00,65.00,0,ppec_paypal,PayPal Checkout
10141,processing,ILS,2020-08-13T11:48:30,2020-08-13T11:48:33,0.00,0.00,45.00,0,ppec_paypal,PayPal
10142,completed,ILS,2020-08-13T12:40:04,2020-08-13T12:40:07,0.00,0.00,20.00,125416182,ppec_paypal,PayPal
10145,completed,ILS,2020-08-14T12:14:33,2020-08-14T12:14:36,0.00,0.00,75.00,0,ppec_paypal,PayPal
10149,processing,ILS,2020-08-15T13:12:44,2020-08-15T13:12:47,0.00,0.00,65.00,0,ppec_paypal,PayPal Checkout
10150,processing,ILS,2020-08-15T14:17:52,2020-08-15T14:17:56,0.00,0.00,65.00,125416402,ppec_paypal,PayPal
10151,processing,ILS,2020-08-15T20:27:43,2020-08-15T20:27:46,0.00,0.00,40.00,125416403,ppec_paypal,PayPal Checkout
10152,processing,ILS,2020-08-16T01:27:32,2020-08-16T01:27:36,0.00,0.00,28.00,0,ppec_paypal,PayPal
10153,processing,ILS,2020-08-16T09:51:50,2020-08-16T09:51:54,0.00,0.00,28.00,125416404,ppec_paypal,PayPal
10155,processing,ILS,2020-08-16T12:00:02,2020-08-16T12:00:05,0.00,0.00,45.00,125416179,ppec_paypal,PayPal
10156,processing,ILS,2020-08-16T14:00:50,2020-08-16T14:00:54,0.00,0.00,40.00,0,ppec_paypal,PayPal
10158,processing,ILS,2020-08-16T15:12:12,2020-08-16T15:12:16,0.00,0.00,55.00,125416406,ppec_paypal,PayPal
10159,processing,ILS,2020-08-16T17:41:32,2020-08-16T17:41:35,0.00,0.00,45.00,125416407,ppec_paypal,PayPal
10160,processing,ILS,2020-08-16T19:05:51,2020-08-16T19:05:54,0.00,0.00,15.00,0,ppec_paypal,PayPal
10161,processing,ILS,2020-08-16T19:48:24,2020-08-16T19:48:30,0.00,0.00,45.00,0,ppec_paypal,PayPal
10162,processing,ILS,2020-08-16T20:31:34,2020-08-16T20:31:37,0.00,0.00,98.00,125416408,ppec_paypal,PayPal
10195,processing,ILS,2020-08-17T17:17:50,2020-08-17T17:17:55,0.00,0.00,85.00,125416172,ppec_paypal,PayPal
10196,pending,ILS,2020-08-17T19:03:11,2020-08-17T19:03:11,0.00,0.00,70.00,125416409,ppec_paypal,PayPal
10198,processing,ILS,2020-08-17T22:07:03,2020-08-17T22:07:05,0.00,0.00,40.00,0,ppec_paypal,PayPal Checkout
10200,processing,ILS,2020-08-18T13:30:09,2020-08-18T13:30:12,0.00,0.00,45.00,0,ppec_paypal,PayPal Checkout
10201,processing,ILS,2020-08-18T19:11:55,2020-08-18T19:11:58,0.00,0.00,65.00,0,ppec_paypal,PayPal Checkout
10202,processing,ILS,2020-08-18T20:25:25,2020-08-18T20:25:29,0.00,0.00,76.00,125416411,ppec_paypal,PayPal
10203,processing,ILS,2020-08-18T23:17:45,2020-08-18T23:17:48,0.00,0.00,45.00,125416412,ppec_paypal,PayPal Checkout
10204,processing,ILS,2020-08-19T11:24:34,2020-08-19T11:24:36,0.00,0.00,45.00,0,ppec_paypal,PayPal Checkout
10206,processing,ILS,2020-08-20T13:04:24,2020-08-20T13:04:27,0.00,0.00,35.00,0,ppec_paypal,PayPal Checkout
10227,processing,ILS,2020-08-20T18:05:06,2020-08-20T18:05:09,0.00,0.00,35.00,0,ppec_paypal,PayPal Checkout
10228,completed,ILS,2020-08-20T19:37:54,2020-08-20T19:37:57,0.00,0.00,20.00,0,ppec_paypal,PayPal
10229,processing,ILS,2020-08-20T21:29:19,2020-08-20T21:29:22,0.00,0.00,106.00,125416413,ppec_paypal,PayPal
10230,processing,ILS,2020-08-21T02:08:59,2020-08-21T02:09:02,0.00,0.00,113.00,125416414,ppec_paypal,PayPal
10232,processing,ILS,2020-08-21T20:38:37,2020-08-21T20:38:41,0.00,0.00,95.00,125416219,ppec_paypal,PayPal
10234,completed,ILS,2020-08-22T09:59:30,2020-08-22T09:59:33,0.00,0.00,20.00,0,ppec_paypal,PayPal Checkout
10237,processing,ILS,2020-08-22T21:50:06,2020-08-22T21:50:09,0.00,0.00,65.00,0,ppec_paypal,PayPal Checkout
10261,processing,ILS,2020-08-22T22:04:57,2020-08-22T22:05:02,0.00,0.00,113.00,125416415,ppec_paypal,PayPal
10264,completed,ILS,2020-08-22T22:48:17,2020-08-22T22:48:20,0.00,0.00,45.00,125416417,ppec_paypal,PayPal
10265,processing,ILS,2020-08-22T22:51:26,2020-08-22T22:51:29,0.00,0.00,163.00,125416416,ppec_paypal,PayPal Checkout
10266,processing,ILS,2020-08-23T00:55:32,2020-08-23T02:20:16,0.00,0.00,108.00,125416418,ppec_paypal,PayPal
10267,processing,ILS,2020-08-23T01:41:06,2020-08-23T01:41:09,0.00,0.00,35.00,0,ppec_paypal,PayPal
10268,completed,ILS,2020-08-23T15:25:44,2020-08-23T15:25:47,0.00,0.00,45.00,0,ppec_paypal,PayPal
10271,completed,ILS,2020-08-23T20:25:37,2020-08-23T20:25:40,0.00,0.00,45.00,125416421,ppec_paypal,PayPal
10272,processing,ILS,2020-08-23T22:50:51,2020-08-23T22:53:55,0.00,0.00,45.00,125416422,ppec_paypal,PayPal
10273,processing,ILS,2020-08-23T23:10:30,2020-08-23T23:10:33,0.00,0.00,48.00,125416423,ppec_paypal,PayPal Checkout
10274,processing,ILS,2020-08-24T00:50:36,2020-08-24T00:50:40,0.00,0.00,48.00,125416212,ppec_paypal,PayPal Checkout
10275,processing,ILS,2020-08-24T01:13:46,2020-08-24T01:13:50,0.00,0.00,48.00,0,ppec_paypal,PayPal
10276,processing,ILS,2020-08-24T09:24:23,2020-08-24T09:24:26,0.00,0.00,40.00,125416424,ppec_paypal,PayPal
10277,processing,ILS,2020-08-24T13:06:53,2020-08-24T13:06:57,0.00,0.00,40.00,125416420,ppec_paypal,PayPal
10278,processing,ILS,2020-08-24T20:23:00,2020-08-24T20:23:03,0.00,0.00,65.00,0,ppec_paypal,PayPal
10279,processing,ILS,2020-08-24T20:42:45,2020-08-24T20:42:48,0.00,0.00,45.00,0,ppec_paypal,PayPal
10281,processing,ILS,2020-08-25T10:41:00,2020-08-25T10:41:04,0.00,0.00,35.00,0,ppec_paypal,PayPal
10283,processing,ILS,2020-08-25T17:19:23,2020-08-25T17:19:26,0.00,0.00,35.00,0,ppec_paypal,PayPal
10295,processing,ILS,2020-08-26T08:47:12,2020-08-26T08:47:14,0.00,0.00,17.00,0,ppec_paypal,PayPal Checkout
10296,processing,ILS,2020-08-26T09:18:18,2020-08-26T09:18:22,0.00,0.00,28.00,0,ppec_paypal,PayPal
10297,processing,ILS,2020-08-26T10:44:50,2020-08-26T10:44:54,0.00,0.00,45.00,0,ppec_paypal,PayPal
10298,completed,ILS,2020-08-26T10:59:15,2020-08-26T10:59:17,0.00,0.00,35.00,0,ppec_paypal,PayPal Checkout
10299,processing,ILS,2020-08-26T12:06:23,2020-08-26T12:06:26,0.00,0.00,45.00,0,ppec_paypal,PayPal
10300,completed,ILS,2020-08-26T18:44:48,2020-08-26T18:44:50,0.00,0.00,35.00,0,ppec_paypal,PayPal Checkout
10301,processing,ILS,2020-08-26T19:03:14,2020-08-26T19:03:18,0.00,0.00,45.00,0,ppec_paypal,PayPal
10302,processing,ILS,2020-08-26T23:43:00,2020-08-26T23:43:04,0.00,0.00,63.00,125416366,ppec_paypal,PayPal
10304,processing,ILS,2020-08-27T13:45:59,2020-08-27T13:46:02,0.00,0.00,83.00,0,ppec_paypal,PayPal
10305,processing,ILS,2020-08-27T20:36:58,2020-08-27T20:37:01,0.00,0.00,98.00,0,ppec_paypal,PayPal Checkout
10308,completed,ILS,2020-08-31T17:35:46,2020-08-31T17:47:57,0.00,0.00,35.00,125416426,ppec_paypal,PayPal
10357,processing,ILS,2020-09-02T17:11:34,2020-09-02T17:11:37,0.00,0.00,48.00,0,ppec_paypal,PayPal
10358,completed,ILS,2020-09-02T19:05:53,2020-09-02T19:05:55,0.00,0.00,20.00,125416423,ppec_paypal,PayPal Checkout
10359,processing,ILS,2020-09-02T20:29:57,2020-09-02T20:30:00,0.00,0.00,48.00,0,ppec_paypal,PayPal Checkout
10360,completed,ILS,2020-09-02T21:35:37,2020-09-02T21:35:40,0.00,0.00,35.00,0,ppec_paypal,PayPal Checkout
10361,processing,ILS,2020-09-04T10:49:21,2020-09-04T10:49:25,0.00,0.00,28.00,0,ppec_paypal,PayPal
10362,processing,ILS,2020-09-05T14:48:07,2020-09-05T14:48:10,0.00,0.00,76.00,0,ppec_paypal,PayPal
10364,processing,ILS,2020-09-08T16:33:34,2020-09-08T16:33:44,0.00,0.00,17.00,0,ppec_paypal,PayPal
10366,processing,ILS,2020-09-15T20:55:01,2020-09-15T20:55:04,0.00,0.00,55.00,0,ppec_paypal,PayPal Checkout
10375,processing,ILS,2020-09-28T22:49:41,2020-09-28T22:49:44,0.00,0.00,46.00,0,ppec_paypal,PayPal
10377,processing,ILS,2020-09-29T13:48:24,2020-09-29T13:48:27,0.00,0.00,63.00,0,ppec_paypal,PayPal Checkout
10381,processing,ILS,2020-09-30T21:59:58,2020-09-30T22:00:01,0.00,0.00,23.00,125416431,ppec_paypal,PayPal Checkout
10382,processing,ILS,2020-10-04T10:33:07,2020-10-04T10:33:10,0.00,0.00,23.00,125416219,ppec_paypal,PayPal Checkout
10383,processing,ILS,2020-10-05T20:52:47,2020-10-05T20:52:50,0.00,0.00,28.00,0,ppec_paypal,PayPal Checkout
10384,processing,ILS,2020-10-05T20:57:51,2020-10-05T20:57:54,0.00,0.00,48.00,0,ppec_paypal,PayPal Checkout
10401,processing,ILS,2020-10-10T17:42:32,2020-10-10T17:42:36,0.00,0.00,17.00,0,ppec_paypal,PayPal
10402,completed,ILS,2020-10-11T07:42:31,2020-10-11T07:42:35,0.00,0.00,16.00,125416434,ppec_paypal,PayPal
10414,completed,ILS,2020-10-13T09:07:20,2020-10-13T09:07:24,0.00,0.00,20.00,0,ppec_paypal,PayPal
10415,processing,ILS,2020-10-13T16:47:55,2020-10-13T16:47:58,0.00,0.00,28.00,0,ppec_paypal,PayPal Checkout
10416,completed,ILS,2020-10-13T18:45:25,2020-10-13T18:45:28,0.00,0.00,75.00,0,ppec_paypal,PayPal
10417,completed,ILS,2020-10-14T11:01:16,2020-10-14T11:01:19,0.00,0.00,75.00,0,ppec_paypal,PayPal Checkout
10418,processing,ILS,2020-10-18T21:00:45,2020-10-18T21:00:49,0.00,0.00,48.00,125416166,ppec_paypal,PayPal
10431,completed,ILS,2020-10-23T13:09:49,2020-10-23T13:09:52,0.00,0.00,75.00,0,ppec_paypal,PayPal
10453,processing,ILS,2020-10-30T07:57:00,2020-10-30T07:57:03,0.00,0.00,138.00,0,ppec_paypal,PayPal Checkout
10454,processing,ILS,2020-11-01T20:19:08,2020-11-01T20:19:11,0.00,0.00,17.00,0,ppec_paypal,PayPal
10457,processing,ILS,2020-11-02T18:39:11,2020-11-02T18:39:15,0.00,0.00,28.00,125416443,ppec_paypal,PayPal
10475,processing,ILS,2020-11-02T21:42:37,2020-11-02T21:42:40,0.00,0.00,45.00,0,ppec_paypal,PayPal
10476,processing,ILS,2020-11-02T23:40:57,2020-11-02T23:41:00,0.00,0.00,28.00,0,ppec_paypal,PayPal Checkout
10477,processing,ILS,2020-11-04T12:07:55,2020-11-04T12:07:58,0.00,0.00,28.00,0,ppec_paypal,PayPal
10483,processing,ILS,2020-11-04T22:38:15,2020-11-04T22:38:18,0.00,0.00,17.00,125416444,ppec_paypal,PayPal Checkout
10484,completed,ILS,2020-11-05T21:35:22,2020-11-05T21:35:25,0.00,0.00,75.00,0,ppec_paypal,PayPal Checkout
10486,processing,ILS,2020-11-08T23:51:05,2020-11-08T23:51:08,0.00,0.00,37.00,0,ppec_paypal,PayPal
10487,processing,ILS,2020-11-10T15:13:47,2020-11-10T15:13:49,0.00,0.00,28.00,125416447,ppec_paypal,PayPal Checkout
10519,processing,ILS,2020-11-13T10:08:55,2020-11-13T10:08:58,0.00,0.00,23.00,125416447,ppec_paypal,PayPal Checkout
10520,processing,ILS,2020-11-13T22:51:47,2020-11-13T22:51:50,0.00,0.00,63.00,125416448,ppec_paypal,PayPal
10521,processing,ILS,2020-11-14T10:48:45,2020-11-14T10:48:48,0.00,0.00,20.00,0,ppec_paypal,PayPal Checkout
10522,processing,ILS,2020-11-14T21:40:40,2020-11-14T21:40:44,0.00,0.00,28.00,0,ppec_paypal,PayPal
10523,processing,ILS,2020-11-15T12:35:56,2020-11-15T12:35:59,0.00,0.00,20.00,125416449,ppec_paypal,PayPal
10524,processing,ILS,2020-11-15T14:37:49,2020-11-15T14:37:52,0.00,0.00,17.00,0,ppec_paypal,PayPal
10526,processing,ILS,2020-11-17T22:41:26,2020-11-17T22:41:30,0.00,0.00,20.00,0,ppec_paypal,PayPal
10528,processing,ILS,2020-11-19T03:57:32,2020-11-19T03:57:36,0.00,0.00,38.00,0,ppec_paypal,PayPal
10529,processing,ILS,2020-11-19T04:00:26,2020-11-19T04:00:30,0.00,0.00,18.00,0,ppec_paypal,PayPal
10530,processing,ILS,2020-11-21T12:49:12,2020-11-21T12:49:16,0.00,0.00,17.00,0,ppec_paypal,PayPal
10532,processing,ILS,2020-11-22T17:48:48,2020-11-22T17:48:52,0.00,0.00,38.00,125416377,ppec_paypal,PayPal
10533,processing,ILS,2020-11-23T20:58:20,2020-11-23T20:58:24,0.00,0.00,23.00,0,ppec_paypal,PayPal
10534,processing,ILS,2020-11-23T22:47:17,2020-11-23T22:47:20,0.00,0.00,18.00,0,ppec_paypal,PayPal
10535,processing,ILS,2020-11-25T16:02:31,2020-11-25T16:02:34,0.00,0.00,18.00,0,ppec_paypal,PayPal
10536,processing,ILS,2020-11-26T13:44:04,2020-11-26T13:44:07,0.00,0.00,28.00,0,ppec_paypal,PayPal
10537,processing,ILS,2020-11-26T14:00:01,2020-11-26T14:00:05,0.00,0.00,18.00,0,ppec_paypal,PayPal
10538,processing,ILS,2020-11-27T11:26:23,2020-11-27T11:26:27,0.00,0.00,40.00,125416392,ppec_paypal,PayPal
10539,processing,ILS,2020-11-27T14:22:26,2020-11-27T14:22:29,0.00,0.00,20.00,0,ppec_paypal,PayPal Checkout
10540,processing,ILS,2020-11-28T21:44:51,2020-11-28T21:44:55,0.00,0.00,37.00,0,ppec_paypal,PayPal
10541,processing,ILS,2020-11-29T01:51:26,2020-11-29T01:51:30,0.00,0.00,56.00,125416348,ppec_paypal,PayPal
10542,processing,ILS,2020-11-29T16:48:27,2020-11-29T16:48:30,0.00,0.00,20.00,0,ppec_paypal,PayPal Checkout
10544,processing,ILS,2020-11-29T18:51:10,2020-11-29T18:51:12,0.00,0.00,18.00,0,ppec_paypal,PayPal Checkout
10545,processing,ILS,2020-11-29T20:10:27,2020-11-29T20:10:31,0.00,0.00,20.00,0,ppec_paypal,PayPal
10546,processing,ILS,2020-11-29T20:14:46,2020-11-29T20:14:49,0.00,0.00,20.00,0,ppec_paypal,PayPal Checkout
10547,processing,ILS,2020-11-29T20:26:49,2020-11-29T20:26:52,0.00,0.00,20.00,0,ppec_paypal,PayPal Checkout
10548,processing,ILS,2020-11-29T20:47:59,2020-11-29T20:48:02,0.00,0.00,38.00,0,ppec_paypal,PayPal Checkout
10549,processing,ILS,2020-11-29T22:28:35,2020-11-29T22:28:38,0.00,0.00,38.00,0,ppec_paypal,PayPal
10550,processing,ILS,2020-11-30T00:29:40,2020-11-30T00:29:42,0.00,0.00,20.00,0,ppec_paypal,PayPal Checkout
10551,processing,ILS,2020-11-30T05:56:17,2020-11-30T05:56:20,0.00,0.00,95.00,0,ppec_paypal,PayPal
10553,processing,ILS,2020-11-30T06:56:44,2020-11-30T06:56:47,0.00,0.00,20.00,0,ppec_paypal,PayPal Checkout
10555,processing,ILS,2020-11-30T12:10:09,2020-11-30T12:10:12,0.00,0.00,20.00,125416248,ppec_paypal,PayPal Checkout
10556,processing,ILS,2020-11-30T13:36:42,2020-11-30T13:40:35,0.00,0.00,45.00,0,ppec_paypal,PayPal Checkout
10558,processing,ILS,2020-12-01T10:09:16,2020-12-01T10:09:21,0.00,0.00,20.00,0,ppec_paypal,PayPal
10559,processing,ILS,2020-12-01T10:13:01,2020-12-01T10:16:12,0.00,0.00,20.00,0,ppec_paypal,PayPal
10564,processing,ILS,2020-12-01T16:29:52,2020-12-01T16:29:55,0.00,0.00,28.00,0,ppec_paypal,PayPal
10565,processing,ILS,2020-12-01T16:44:25,2020-12-01T16:44:29,0.00,0.00,18.00,0,ppec_paypal,PayPal Checkout
10566,processing,ILS,2020-12-01T18:02:22,2020-12-01T18:02:25,0.00,0.00,20.00,0,ppec_paypal,PayPal Checkout
10567,processing,ILS,2020-12-01T19:22:57,2020-12-01T19:23:00,0.00,0.00,20.00,0,ppec_paypal,PayPal
10568,completed,ILS,2020-12-02T08:43:49,2020-12-02T08:43:53,0.00,0.00,75.00,0,ppec_paypal,PayPal
10569,processing,ILS,2020-12-02T12:57:30,2020-12-02T12:57:34,0.00,0.00,66.00,0,ppec_paypal,PayPal
10572,processing,ILS,2020-12-02T15:37:37,2020-12-02T15:37:40,0.00,0.00,113.00,0,ppec_paypal,PayPal Checkout
10573,processing,ILS,2020-12-02T16:19:08,2020-12-02T16:19:11,0.00,0.00,20.00,0,ppec_paypal,PayPal
10574,processing,ILS,2020-12-05T08:24:10,2020-12-05T08:24:13,0.00,0.00,20.00,0,ppec_paypal,PayPal Checkout
10575,processing,ILS,2020-12-05T12:18:58,2020-12-05T12:19:01,0.00,0.00,28.00,125416392,ppec_paypal,PayPal
10576,processing,ILS,2020-12-06T06:47:25,2020-12-11T08:03:47,0.00,0.00,48.00,0,ppec_paypal,PayPal
10577,processing,ILS,2020-12-06T08:22:08,2020-12-06T08:22:11,0.00,0.00,23.00,125416455,ppec_paypal,PayPal Checkout
10578,processing,ILS,2020-12-06T14:35:31,2020-12-06T14:35:34,0.00,0.00,17.00,125416456,ppec_paypal,PayPal
10579,processing,ILS,2020-12-06T22:49:17,2020-12-06T22:49:21,0.00,0.00,28.00,0,ppec_paypal,PayPal
10580,processing,ILS,2020-12-07T02:00:31,2020-12-07T02:00:35,0.00,0.00,20.00,0,ppec_paypal,PayPal
10601,processing,ILS,2020-12-07T18:27:08,2020-12-07T18:27:12,0.00,0.00,20.00,0,ppec_paypal,PayPal
10602,processing,ILS,2020-12-07T19:21:26,2020-12-07T19:21:29,0.00,0.00,20.00,0,ppec_paypal,PayPal
10603,processing,ILS,2020-12-07T22:18:45,2020-12-07T22:18:48,0.00,0.00,18.00,0,ppec_paypal,PayPal Checkout
10604,processing,ILS,2020-12-08T07:30:18,2020-12-08T07:30:22,0.00,0.00,17.00,0,ppec_paypal,PayPal
10607,processing,ILS,2020-12-08T10:10:26,2020-12-08T10:10:29,0.00,0.00,18.00,0,ppec_paypal,PayPal Checkout
10618,processing,ILS,2020-12-13T09:16:48,2020-12-13T09:16:51,0.00,0.00,20.00,0,ppec_paypal,PayPal Checkout
10636,processing,ILS,2020-12-14T18:20:32,2020-12-14T18:20:35,0.00,0.00,17.00,0,ppec_paypal,PayPal
10637,processing,ILS,2020-12-15T03:12:13,2020-12-15T03:12:15,0.00,0.00,20.00,125416462,ppec_paypal,PayPal Checkout
10638,processing,ILS,2020-12-15T13:03:04,2020-12-15T13:03:08,0.00,0.00,18.00,0,ppec_paypal,PayPal
10641,processing,ILS,2020-12-20T17:23:52,2020-12-20T17:23:55,0.00,0.00,50.00,0,ppec_paypal,PayPal
10642,processing,ILS,2020-12-21T09:39:45,2020-12-21T09:39:48,0.00,0.00,50.00,0,ppec_paypal,PayPal
10643,processing,ILS,2020-12-22T13:19:29,2020-12-22T13:19:32,0.00,0.00,17.00,0,ppec_paypal,PayPal
10644,processing,ILS,2020-12-22T14:18:55,2020-12-22T14:18:58,0.00,0.00,76.00,0,ppec_paypal,PayPal
10645,processing,ILS,2020-12-22T20:16:48,2020-12-22T20:16:51,0.00,0.00,35.00,125416464,ppec_paypal,PayPal
10646,processing,ILS,2020-12-22T21:34:21,2020-12-22T21:34:24,0.00,0.00,17.00,0,ppec_paypal,PayPal Checkout
10647,processing,ILS,2020-12-23T09:26:32,2020-12-23T09:26:35,0.00,0.00,17.00,0,ppec_paypal,PayPal Checkout
10648,processing,ILS,2020-12-23T12:06:09,2020-12-23T12:06:13,0.00,0.00,28.00,125416465,ppec_paypal,PayPal
10650,completed,ILS,2020-12-24T19:45:47,2020-12-24T19:45:49,0.00,0.00,75.00,0,ppec_paypal,PayPal Checkout
10651,processing,ILS,2020-12-25T06:01:44,2020-12-25T06:01:46,0.00,0.00,17.00,0,ppec_paypal,PayPal Checkout
10652,processing,ILS,2020-12-25T14:14:56,2020-12-25T14:14:59,0.00,0.00,50.00,0,ppec_paypal,PayPal
10653,processing,ILS,2020-12-27T18:36:30,2020-12-27T18:36:33,0.00,0.00,18.00,0,ppec_paypal,PayPal
10654,processing,ILS,2020-12-28T20:07:07,2020-12-28T20:07:10,0.00,0.00,18.00,0,ppec_paypal,PayPal Checkout
10658,processing,ILS,2020-12-29T20:43:12,2020-12-29T20:43:16,0.00,0.00,50.00,0,ppec_paypal,PayPal
10659,processing,ILS,2020-12-30T17:19:23,2020-12-30T17:19:27,0.00,0.00,53.00,0,ppec_paypal,PayPal
10660,processing,ILS,2020-12-30T21:26:39,2020-12-30T21:26:42,0.00,0.00,28.00,125416466,ppec_paypal,PayPal
10661,processing,ILS,2020-12-31T17:09:02,2020-12-31T17:09:04,0.00,0.00,17.00,125416467,ppec_paypal,PayPal Checkout
10663,processing,ILS,2021-01-03T09:50:36,2021-01-03T09:50:40,0.00,0.00,75.00,125416473,ppec_paypal,PayPal
10667,processing,ILS,2021-01-04T21:39:29,2021-01-04T21:39:35,0.00,0.00,35.00,125416474,ppec_paypal,PayPal
10668,completed,ILS,2021-01-05T10:39:59,2021-01-05T10:40:02,0.00,0.00,34.00,0,ppec_paypal,PayPal
10670,processing,ILS,2021-01-06T23:26:03,2021-01-06T23:26:07,0.00,0.00,43.00,0,ppec_paypal,PayPal
10671,processing,ILS,2021-01-07T19:50:47,2021-01-07T19:50:51,0.00,0.00,50.00,0,ppec_paypal,PayPal
10672,processing,ILS,2021-01-09T08:14:16,2021-01-09T08:14:19,0.00,0.00,51.00,125416475,ppec_paypal,PayPal Checkout
10675,processing,ILS,2021-01-09T20:38:24,2021-01-09T20:38:27,0.00,0.00,28.00,0,ppec_paypal,PayPal Checkout
10676,completed,ILS,2021-01-10T17:51:11,2021-01-10T17:51:14,0.00,0.00,75.00,125416478,ppec_paypal,PayPal Checkout
10677,completed,ILS,2021-01-11T13:06:39,2021-01-11T13:06:43,0.00,0.00,17.00,0,ppec_paypal,PayPal
10678,processing,ILS,2021-01-11T15:42:35,2021-01-11T15:42:38,0.00,0.00,17.00,0,ppec_paypal,PayPal
10679,completed,ILS,2021-01-11T16:06:32,2021-01-11T16:06:35,0.00,0.00,50.00,0,ppec_paypal,PayPal
10680,completed,ILS,2021-01-12T10:48:17,2021-01-12T10:48:20,0.00,0.00,50.00,125416480,ppec_paypal,PayPal
10685,completed,ILS,2021-01-13T18:30:31,2021-01-13T18:30:35,0.00,0.00,17.00,0,ppec_paypal,PayPal
10690,completed,ILS,2021-01-15T22:38:29,2021-01-15T22:38:32,0.00,0.00,50.00,0,ppec_paypal,PayPal
10714,processing,ILS,2021-01-18T13:37:35,2021-01-18T13:37:38,0.00,0.00,18.00,0,ppec_paypal,PayPal
10715,completed,ILS,2021-01-19T14:28:25,2021-01-19T14:28:30,0.00,0.00,50.00,0,ppec_paypal,PayPal
10720,processing,ILS,2021-01-20T10:50:07,2021-01-20T10:50:09,0.00,0.00,40.00,0,ppec_paypal,PayPal
10721,completed,ILS,2021-01-20T12:41:51,2021-01-20T12:41:55,0.00,0.00,75.00,0,ppec_paypal,PayPal
10722,processing,ILS,2021-01-20T12:53:13,2021-01-20T12:53:16,0.00,0.00,28.00,0,ppec_paypal,PayPal
10723,processing,ILS,2021-01-20T16:24:12,2021-01-20T16:24:15,0.00,0.00,28.00,0,ppec_paypal,PayPal
10724,completed,ILS,2021-01-20T19:25:18,2021-01-20T19:25:21,0.00,0.00,50.00,0,ppec_paypal,PayPal
10725,completed,ILS,2021-01-21T14:01:20,2021-01-21T14:01:23,0.00,0.00,50.00,0,ppec_paypal,PayPal Checkout
10726,completed,ILS,2021-01-24T09:51:03,2021-01-24T09:51:07,0.00,0.00,50.00,125416485,ppec_paypal,PayPal
10727,completed,ILS,2021-01-24T19:12:20,2021-01-24T19:12:23,0.00,0.00,50.00,0,ppec_paypal,PayPal
10729,completed,ILS,2021-01-24T20:24:10,2021-01-24T20:24:13,0.00,0.00,17.00,0,ppec_paypal,PayPal Checkout
10731,completed,ILS,2021-01-25T18:44:14,2021-01-25T18:44:18,0.00,0.00,17.00,0,ppec_paypal,PayPal
10743,processing,ILS,2021-01-26T18:00:55,2021-01-26T18:00:58,0.00,0.00,45.00,0,ppec_paypal,PayPal
10744,processing,ILS,2021-01-27T08:58:56,2021-01-27T08:59:00,0.00,0.00,50.00,0,ppec_paypal,PayPal
10745,completed,ILS,2021-01-27T14:10:30,2021-01-27T14:10:34,0.00,0.00,35.00,0,ppec_paypal,PayPal
10746,completed,ILS,2021-01-30T19:39:43,2021-01-30T19:39:46,0.00,0.00,75.00,0,ppec_paypal,PayPal
10747,processing,ILS,2021-02-01T04:03:34,2021-02-01T04:03:37,0.00,0.00,17.00,125416489,ppec_paypal,PayPal Checkout
10748,completed,ILS,2021-02-02T11:13:04,2021-02-02T11:13:07,0.00,0.00,75.00,0,ppec_paypal,PayPal
10753,processing,ILS,2021-02-04T01:47:37,2021-02-04T01:47:40,0.00,0.00,17.00,0,ppec_paypal,PayPal
10754,completed,ILS,2021-02-04T10:10:21,2021-02-04T10:10:25,0.00,0.00,17.00,0,ppec_paypal,PayPal
10756,processing,ILS,2021-02-06T09:58:00,2021-02-06T09:58:02,0.00,0.00,35.00,0,ppec_paypal,PayPal Checkout
10758,processing,ILS,2021-02-07T06:33:30,2021-02-07T06:33:33,0.00,0.00,28.00,0,ppec_paypal,PayPal Checkout
10759,completed,ILS,2021-02-08T20:59:56,2021-02-08T20:59:59,0.00,0.00,17.00,0,ppec_paypal,PayPal
10760,processing,ILS,2021-02-09T22:07:35,2021-02-09T22:07:39,0.00,0.00,28.00,0,ppec_paypal,PayPal
10768,processing,ILS,2021-02-13T21:56:08,2021-02-13T21:56:10,0.00,0.00,23.00,0,ppec_paypal,PayPal Checkout
10775,completed,ILS,2021-02-16T18:31:09,2021-02-16T18:31:11,0.00,0.00,17.00,0,ppec_paypal,PayPal Checkout
10776,completed,ILS,2021-02-17T07:59:23,2021-02-17T07:59:28,0.00,0.00,50.00,0,ppec_paypal,PayPal Checkout
10777,completed,ILS,2021-02-17T21:22:14,2021-02-17T21:22:19,0.00,0.00,75.00,0,ppec_paypal,PayPal
10779,processing,ILS,2021-02-18T22:40:14,2021-02-20T16:43:56,0.00,0.00,63.00,125416495,ppec_paypal,PayPal
10782,processing,ILS,2021-02-20T18:49:35,2021-02-20T18:49:38,0.00,0.00,17.00,125416497,ppec_paypal,PayPal
10783,completed,ILS,2021-02-21T15:04:31,2021-02-21T15:04:34,0.00,0.00,17.00,0,ppec_paypal,PayPal
10810,processing,ILS,2021-02-24T11:49:11,2021-02-24T11:49:15,0.00,0.00,18.00,0,ppec_paypal,PayPal
10811,processing,ILS,2021-03-02T05:29:39,2021-03-02T05:29:42,0.00,0.00,35.00,0,ppec_paypal,PayPal Checkout
10820,completed,ILS,2021-03-07T11:49:35,2021-03-07T11:49:38,0.00,0.00,75.00,0,ppec_paypal,PayPal
10821,processing,ILS,2021-03-14T02:31:08,2021-03-14T02:31:10,0.00,0.00,28.00,0,ppec_paypal,PayPal Checkout
10822,processing,ILS,2021-03-15T21:16:44,2021-03-15T21:16:47,0.00,0.00,69.00,0,ppec_paypal,PayPal
10827,completed,ILS,2021-04-06T15:27:45,2021-04-06T15:27:49,0.00,0.00,75.00,125416509,ppec_paypal,PayPal
10832,processing,ILS,2021-04-10T12:00:50,2021-04-10T12:00:54,0.00,0.00,17.00,0,ppec_paypal,PayPal
10838,completed,ILS,2021-04-15T16:25:40,2021-04-15T16:25:42,0.00,0.00,75.00,0,ppec_paypal,PayPal Checkout
10839,processing,ILS,2021-04-17T10:07:27,2021-04-17T10:07:30,0.00,0.00,17.00,0,ppec_paypal,PayPal Checkout
10841,processing,ILS,2021-04-20T19:05:33,2021-04-20T19:05:37,0.00,0.00,67.00,125416513,ppec_paypal,PayPal Checkout
10842,processing,ILS,2021-04-21T19:58:43,2021-04-21T19:58:45,0.00,0.00,15.00,0,ppec_paypal,PayPal
10843,processing,ILS,2021-04-22T13:40:57,2021-04-22T13:41:01,0.00,0.00,111.00,125416515,ppec_paypal,PayPal
10844,processing,ILS,2021-04-24T18:52:11,2021-04-24T18:52:14,0.00,0.00,10.00,0,ppec_paypal,PayPal Checkout
10845,processing,ILS,2021-04-26T15:21:40,2021-04-26T15:21:45,0.00,0.00,15.00,0,ppec_paypal,PayPal Checkout
10846,processing,ILS,2021-04-28T17:36:14,2021-04-28T17:36:17,0.00,0.00,125.00,125416516,ppec_paypal,PayPal
10847,processing,ILS,2021-04-29T17:31:31,2021-04-29T17:31:34,0.00,0.00,17.00,0,ppec_paypal,PayPal Checkout
10848,processing,ILS,2021-05-01T12:25:26,2021-05-01T12:25:29,0.00,0.00,32.00,0,ppec_paypal,PayPal
10849,processing,ILS,2021-05-01T15:27:45,2021-05-01T15:27:48,0.00,0.00,15.00,0,ppec_paypal,PayPal Checkout
10850,processing,ILS,2021-05-02T20:08:21,2021-05-02T20:08:27,0.00,0.00,15.00,0,ppec_paypal,PayPal
10851,processing,ILS,2021-05-02T21:55:03,2021-05-02T21:55:06,0.00,0.00,28.00,0,ppec_paypal,PayPal Checkout
10852,processing,ILS,2021-05-04T08:47:12,2021-05-04T08:47:16,0.00,0.00,17.00,125416455,ppec_paypal,PayPal
10853,processing,ILS,2021-05-04T10:42:23,2021-05-04T10:42:26,0.00,0.00,15.00,0,ppec_paypal,PayPal Checkout
10854,processing,ILS,2021-05-04T10:50:35,2021-05-04T10:50:42,0.00,0.00,17.00,0,ppec_paypal,PayPal Checkout
10855,processing,ILS,2021-05-04T13:31:17,2021-05-04T13:31:19,0.00,0.00,15.00,0,ppec_paypal,PayPal Checkout
10860,processing,ILS,2021-05-04T19:05:02,2021-05-04T19:05:09,0.00,0.00,220.00,0,ppec_paypal,PayPal
10861,completed,ILS,2021-05-04T22:26:31,2021-05-04T22:26:35,0.00,0.00,20.00,125416518,ppec_paypal,PayPal
10863,processing,ILS,2021-05-05T20:53:59,2021-05-05T20:54:02,0.00,0.00,17.00,0,ppec_paypal,PayPal Checkout
10864,completed,ILS,2021-05-06T10:31:09,2021-05-06T10:31:12,0.00,0.00,75.00,0,ppec_paypal,PayPal Checkout
10865,processing,ILS,2021-05-06T14:07:00,2021-05-06T14:07:03,0.00,0.00,15.00,125416520,ppec_paypal,PayPal Checkout
10866,processing,ILS,2021-05-06T14:27:02,2021-05-06T14:27:06,0.00,0.00,32.00,0,ppec_paypal,PayPal
10868,processing,ILS,2021-05-06T15:06:29,2021-05-06T15:06:32,0.00,0.00,35.00,125416521,ppec_paypal,PayPal
10869,processing,ILS,2021-05-06T21:19:28,2021-05-06T21:19:31,0.00,0.00,15.00,0,ppec_paypal,PayPal Checkout
10870,processing,ILS,2021-05-07T07:42:11,2021-05-07T07:42:15,0.00,0.00,49.00,125416522,ppec_paypal,PayPal
10872,processing,ILS,2021-05-08T13:04:00,2021-05-08T13:04:03,0.00,0.00,15.00,0,ppec_paypal,PayPal Checkout
10873,processing,ILS,2021-05-08T17:59:02,2021-05-08T17:59:05,0.00,0.00,17.00,0,ppec_paypal,PayPal
10874,processing,ILS,2021-05-08T19:59:12,2021-05-08T19:59:15,0.00,0.00,17.00,0,ppec_paypal,PayPal
10875,processing,ILS,2021-05-08T21:13:57,2021-05-08T21:14:01,0.00,0.00,15.00,125416176,ppec_paypal,PayPal
10876,processing,ILS,2021-05-08T21:29:43,2021-05-08T21:29:47,0.00,0.00,32.00,125416431,ppec_paypal,PayPal Checkout
10877,processing,ILS,2021-05-09T15:13:22,2021-05-09T15:13:25,0.00,0.00,32.00,0,ppec_paypal,PayPal Checkout
10878,processing,ILS,2021-05-09T20:36:03,2021-05-10T21:19:53,0.00,0.00,25.00,0,ppec_paypal,PayPal
10880,completed,ILS,2021-05-10T19:25:14,2021-05-11T18:23:41,0.00,0.00,75.00,0,ppec_paypal,PayPal
10881,processing,ILS,2021-05-10T23:49:13,2021-05-10T23:49:17,0.00,0.00,15.00,125416523,ppec_paypal,PayPal
10882,processing,ILS,2021-05-11T09:48:31,2021-05-11T09:48:35,0.00,0.00,15.00,0,ppec_paypal,PayPal
10885,processing,ILS,2021-05-11T18:06:02,2021-05-11T18:06:05,0.00,0.00,32.00,125416348,ppec_paypal,PayPal
10886,processing,ILS,2021-05-11T20:30:35,2021-05-11T20:30:39,0.00,0.00,32.00,0,ppec_paypal,PayPal
10887,processing,ILS,2021-05-12T22:16:49,2021-05-12T22:16:52,0.00,0.00,15.00,0,ppec_paypal,PayPal Checkout
10888,processing,ILS,2021-05-12T23:54:58,2021-05-12T23:55:02,0.00,0.00,28.00,0,ppec_paypal,PayPal
10889,processing,ILS,2021-05-13T07:01:45,2021-05-13T07:01:48,0.00,0.00,15.00,0,ppec_paypal,PayPal Checkout
10891,processing,ILS,2021-05-13T15:51:51,2021-05-13T15:51:54,0.00,0.00,17.00,0,ppec_paypal,PayPal Checkout
10892,processing,ILS,2021-05-13T19:27:38,2021-05-13T19:27:41,0.00,0.00,15.00,0,ppec_paypal,PayPal Checkout
10894,processing,ILS,2021-05-16T15:05:10,2021-05-16T15:05:13,0.00,0.00,17.00,0,ppec_paypal,PayPal
10895,processing,ILS,2021-05-18T12:47:03,2021-05-18T12:47:07,0.00,0.00,15.00,0,ppec_paypal,PayPal
10896,processing,ILS,2021-05-20T15:56:57,2021-05-20T15:56:59,0.00,0.00,28.00,125416527,ppec_paypal,PayPal Checkout
10898,processing,ILS,2021-05-23T11:41:27,2021-05-23T11:41:30,0.00,0.00,28.00,0,ppec_paypal,PayPal
10900,processing,ILS,2021-05-29T12:52:41,2021-05-29T12:52:43,0.00,0.00,48.00,0,ppec_paypal,PayPal
10901,completed,ILS,2021-05-30T00:27:25,2021-05-30T00:27:28,0.00,0.00,50.00,125416529,ppec_paypal,PayPal
10902,processing,ILS,2021-05-30T15:35:07,2021-05-30T15:35:10,0.00,0.00,65.00,125416530,ppec_paypal,PayPal
10903,completed,ILS,2021-05-31T16:57:59,2021-05-31T16:58:03,0.00,0.00,75.00,0,ppec_paypal,PayPal
10904,completed,ILS,2021-06-01T09:24:42,2021-06-04T19:07:52,0.00,0.00,54.00,125416531,ppec_paypal,PayPal
10910,processing,ILS,2021-06-06T12:37:34,2021-06-06T12:37:37,0.00,0.00,23.00,0,ppec_paypal,PayPal
10918,completed,ILS,2021-06-08T22:30:33,2021-06-13T07:31:33,0.00,0.00,75.00,0,ppec_paypal,PayPal
10921,processing,ILS,2021-06-09T08:01:14,2021-06-09T08:01:18,0.00,0.00,50.00,125416532,ppec_paypal,PayPal
10922,completed,ILS,2021-06-09T08:10:44,2021-06-09T08:10:47,0.00,0.00,50.00,125416532,ppec_paypal,PayPal
10924,completed,ILS,2021-06-10T08:37:50,2021-06-10T08:37:54,0.00,0.00,17.00,0,ppec_paypal,PayPal
10925,processing,ILS,2021-06-10T12:58:15,2021-06-10T12:58:18,0.00,0.00,234.00,125416528,ppec_paypal,PayPal Checkout
10927,completed,ILS,2021-06-13T22:14:57,2021-06-13T22:15:00,0.00,0.00,34.00,0,ppec_paypal,PayPal Checkout
10928,processing,ILS,2021-06-14T12:13:38,2021-06-14T12:13:41,0.00,0.00,51.00,0,ppec_paypal,PayPal
10930,completed,ILS,2021-06-16T22:44:15,2021-06-16T22:44:18,0.00,0.00,75.00,125416537,ppec_paypal,PayPal Checkout
10932,completed,ILS,2021-06-17T20:40:17,2021-06-17T20:40:20,0.00,0.00,75.00,0,ppec_paypal,PayPal Checkout
10933,processing,ILS,2021-06-21T10:34:27,2021-06-21T10:34:29,0.00,0.00,23.00,125416538,ppec_paypal,PayPal Checkout
10934,processing,ILS,2021-06-22T12:19:19,2021-06-22T12:19:22,0.00,0.00,28.00,0,ppec_paypal,PayPal
10939,processing,ILS,2021-06-30T23:36:25,2021-06-30T23:36:28,0.00,0.00,63.00,0,ppec_paypal,PayPal
10940,completed,ILS,2021-07-02T09:56:22,2021-07-02T09:56:25,0.00,0.00,75.00,0,ppec_paypal,PayPal
10941,completed,ILS,2021-07-02T14:51:43,2021-07-19T19:32:17,0.00,0.00,120.00,125416411,ppec_paypal,PayPal
10942,completed,ILS,2021-07-03T15:50:14,2021-07-03T15:50:16,0.00,0.00,54.00,125416540,ppec_paypal,PayPal Checkout
10943,processing,ILS,2021-07-04T12:19:16,2021-07-04T12:19:19,0.00,0.00,30.00,0,ppec_paypal,PayPal Checkout
10945,processing,ILS,2021-07-05T06:39:59,2021-07-05T06:40:02,0.00,0.00,112.00,125416542,ppec_paypal,PayPal
10946,completed,ILS,2021-07-06T07:35:20,2021-07-06T07:35:21,0.00,0.00,17.00,0,ppec_paypal,PayPal Checkout
10951,processing,ILS,2021-07-06T21:30:36,2021-07-06T21:30:39,0.00,0.00,45.00,0,ppec_paypal,PayPal
10954,processing,ILS,2021-07-07T09:02:30,2021-07-07T09:02:33,0.00,0.00,45.00,0,ppec_paypal,PayPal
10955,completed,ILS,2021-07-07T12:03:03,2021-07-07T12:03:06,0.00,0.00,35.00,0,ppec_paypal,PayPal
10958,processing,ILS,2021-07-07T23:44:21,2021-07-07T23:44:25,0.00,0.00,87.00,125416544,ppec_paypal,PayPal
10959,completed,ILS,2021-07-08T07:25:09,2021-07-08T07:25:12,0.00,0.00,75.00,125416545,ppec_paypal,PayPal
10960,processing,ILS,2021-07-08T08:24:01,2021-07-08T08:24:04,0.00,0.00,65.00,125416362,ppec_paypal,PayPal Checkout
10961,processing,ILS,2021-07-08T15:39:39,2021-07-08T15:39:43,0.00,0.00,48.00,125416547,ppec_paypal,PayPal
10962,processing,ILS,2021-07-10T14:10:53,2021-07-10T14:10:57,0.00,0.00,45.00,0,ppec_paypal,PayPal
10966,processing,ILS,2021-07-11T09:53:14,2021-07-11T09:53:17,0.00,0.00,142.00,0,ppec_paypal,PayPal Checkout
10967,processing,ILS,2021-07-11T11:36:34,2021-07-11T11:36:38,0.00,0.00,35.00,0,ppec_paypal,PayPal
10969,processing,ILS,2021-07-11T13:00:27,2021-07-11T13:00:31,0.00,0.00,76.00,125416548,ppec_paypal,PayPal
10971,processing,ILS,2021-07-11T14:38:20,2021-07-11T14:38:23,0.00,0.00,45.00,125416549,ppec_paypal,PayPal
10972,completed,ILS,2021-07-11T16:35:38,2021-08-08T20:23:04,0.00,0.00,131.00,0,ppec_paypal,PayPal
10973,processing,ILS,2021-07-12T00:28:15,2021-07-12T00:28:19,0.00,0.00,45.00,125416179,ppec_paypal,PayPal
10974,processing,ILS,2021-07-12T07:09:31,2021-07-12T07:09:34,0.00,0.00,35.00,0,ppec_paypal,PayPal
10975,processing,ILS,2021-07-12T10:06:58,2021-07-12T10:07:02,0.00,0.00,65.00,0,ppec_paypal,PayPal
10976,processing,ILS,2021-07-12T10:07:46,2021-07-12T10:07:50,0.00,0.00,40.00,125416552,ppec_paypal,PayPal
10978,completed,ILS,2021-07-12T12:32:31,2021-07-12T12:32:35,0.00,0.00,45.00,0,ppec_paypal,PayPal
10982,processing,ILS,2021-07-12T17:56:05,2021-07-12T17:56:08,0.00,0.00,28.00,125416547,ppec_paypal,PayPal
10984,processing,ILS,2021-07-12T19:17:19,2021-07-12T19:17:22,0.00,0.00,65.00,0,ppec_paypal,PayPal
10985,processing,ILS,2021-07-14T11:00:53,2021-07-14T11:00:56,0.00,0.00,68.00,125416554,ppec_paypal,PayPal
10987,processing,ILS,2021-07-15T11:19:07,2021-07-15T11:19:10,0.00,0.00,65.00,0,ppec_paypal,PayPal
10990,completed,ILS,2021-07-18T07:31:30,2021-07-18T07:31:33,0.00,0.00,45.00,125416556,ppec_paypal,PayPal Checkout
10991,processing,ILS,2021-07-18T21:26:17,2021-07-18T21:26:20,0.00,0.00,48.00,0,ppec_paypal,PayPal
10992,processing,ILS,2021-07-18T23:05:02,2021-07-18T23:05:06,0.00,0.00,45.00,0,ppec_paypal,PayPal
10993,processing,ILS,2021-07-19T00:12:05,2021-07-19T19:39:26,0.00,0.00,48.00,0,ppec_paypal,PayPal
11007,processing,ILS,2021-07-20T21:14:04,2021-07-20T21:14:07,0.00,0.00,35.00,0,ppec_paypal,PayPal
11019,processing,ILS,2021-07-21T10:04:07,2021-07-21T10:04:10,0.00,0.00,37.00,0,ppec_paypal,PayPal Checkout
11020,processing,ILS,2021-07-21T10:15:16,2021-07-21T10:15:19,0.00,0.00,37.00,125416542,ppec_paypal,PayPal Checkout
11021,completed,ILS,2021-07-21T10:23:19,2021-07-21T10:23:23,0.00,0.00,20.00,125416557,ppec_paypal,PayPal
11022,processing,ILS,2021-07-21T13:09:02,2021-07-21T13:09:05,0.00,0.00,73.00,0,ppec_paypal,PayPal
11023,completed,ILS,2021-07-22T09:15:40,2021-07-22T09:15:44,0.00,0.00,45.00,0,ppec_paypal,PayPal Checkout
11024,processing,ILS,2021-07-24T20:44:38,2021-07-24T20:44:41,0.00,0.00,35.00,0,ppec_paypal,PayPal Checkout
11025,processing,ILS,2021-07-24T23:00:34,2021-07-24T23:00:38,0.00,0.00,48.00,0,ppec_paypal,PayPal
11026,processing,ILS,2021-07-24T23:27:35,2021-07-24T23:27:38,0.00,0.00,86.00,0,ppec_paypal,PayPal
11028,processing,ILS,2021-07-25T12:20:09,2021-07-25T12:20:12,0.00,0.00,75.00,0,ppec_paypal,PayPal
11029,completed,ILS,2021-07-25T20:43:22,2021-07-25T20:43:26,0.00,0.00,45.00,0,ppec_paypal,PayPal
11033,processing,ILS,2021-07-26T09:14:56,2021-07-26T09:14:59,0.00,0.00,40.00,0,ppec_paypal,PayPal
11034,processing,ILS,2021-07-26T10:16:18,2021-07-26T10:16:22,0.00,0.00,53.00,0,ppec_paypal,PayPal
11035,completed,ILS,2021-07-26T10:28:02,2021-07-26T10:28:06,0.00,0.00,48.00,0,ppec_paypal,PayPal
11037,completed,ILS,2021-07-26T11:17:04,2021-07-26T11:17:08,0.00,0.00,35.00,0,ppec_paypal,PayPal
11052,processing,ILS,2021-07-26T12:22:19,2021-07-26T12:22:22,0.00,0.00,25.00,0,ppec_paypal,PayPal
11055,processing,ILS,2021-07-26T15:08:34,2021-07-26T15:08:39,0.00,0.00,40.00,125416558,ppec_paypal,PayPal
11056,completed,ILS,2021-07-26T15:10:27,2021-07-26T15:10:30,0.00,0.00,45.00,125416559,ppec_paypal,PayPal
11057,processing,ILS,2021-07-26T15:17:12,2021-07-26T15:17:16,0.00,0.00,45.00,0,ppec_paypal,PayPal
11058,processing,ILS,2021-07-26T15:59:57,2021-07-26T16:00:00,0.00,0.00,50.00,0,ppec_paypal,PayPal
11059,processing,ILS,2021-07-26T16:57:42,2021-07-26T16:57:45,0.00,0.00,45.00,125416560,ppec_paypal,PayPal Checkout
11061,completed,ILS,2021-07-27T18:33:36,2021-07-27T18:33:39,0.00,0.00,48.00,0,ppec_paypal,PayPal
11062,completed,ILS,2021-07-28T01:48:58,2021-07-28T01:49:01,0.00,0.00,48.00,125416561,ppec_paypal,PayPal
11063,completed,ILS,2021-07-28T10:31:35,2021-07-28T10:31:38,0.00,0.00,35.00,0,ppec_paypal,PayPal
11064,processing,ILS,2021-07-28T13:54:33,2021-07-28T13:54:36,0.00,0.00,140.00,0,ppec_paypal,PayPal Checkout
11065,processing,ILS,2021-07-29T21:57:05,2021-07-29T21:57:09,0.00,0.00,15.00,0,ppec_paypal,PayPal
11066,processing,ILS,2021-07-31T14:39:53,2021-07-31T14:39:56,0.00,0.00,65.00,0,ppec_paypal,PayPal
11067,completed,ILS,2021-08-01T01:49:25,2021-08-02T21:32:24,0.00,0.00,45.00,0,ppec_paypal,PayPal Checkout
11068,processing,ILS,2021-08-01T08:38:18,2021-08-01T08:38:21,0.00,0.00,40.00,0,ppec_paypal,PayPal
11070,processing,ILS,2021-08-02T14:18:03,2021-08-02T14:18:06,0.00,0.00,58.00,125416172,ppec_paypal,PayPal
11071,completed,ILS,2021-08-02T14:20:56,2021-08-02T14:20:59,0.00,0.00,48.00,125416538,ppec_paypal,PayPal Checkout
11072,processing,ILS,2021-08-02T14:36:36,2021-08-02T14:36:40,0.00,0.00,102.00,0,ppec_paypal,PayPal
11073,processing,ILS,2021-08-03T06:31:54,2021-08-03T06:31:57,0.00,0.00,45.00,0,ppec_paypal,PayPal
11074,completed,ILS,2021-08-03T10:48:57,2021-08-04T17:26:42,0.00,0.00,70.00,0,ppec_paypal,PayPal Checkout
11076,completed,ILS,2021-08-03T11:06:49,2021-08-03T11:06:52,0.00,0.00,48.00,0,ppec_paypal,PayPal
11077,completed,ILS,2021-08-03T11:43:11,2021-08-03T11:43:15,0.00,0.00,48.00,0,ppec_paypal,PayPal
11078,completed,ILS,2021-08-03T15:07:52,2021-08-03T15:07:56,0.00,0.00,48.00,0,ppec_paypal,PayPal
11079,completed,ILS,2021-08-03T15:22:17,2021-08-03T15:22:20,0.00,0.00,48.00,0,ppec_paypal,PayPal
11080,completed,ILS,2021-08-03T15:58:35,2021-08-03T15:58:38,0.00,0.00,48.00,0,ppec_paypal,PayPal
11081,completed,ILS,2021-08-03T16:06:47,2021-08-03T16:06:50,0.00,0.00,48.00,0,ppec_paypal,PayPal
11082,processing,ILS,2021-08-03T16:23:23,2021-08-03T16:23:26,0.00,0.00,65.00,0,ppec_paypal,PayPal
11088,completed,ILS,2021-08-04T11:07:05,2021-08-04T11:07:08,0.00,0.00,45.00,0,ppec_paypal,PayPal
11089,completed,ILS,2021-08-04T12:36:07,2021-08-04T12:36:10,0.00,0.00,11.00,125416564,ppec_paypal,PayPal
11093,processing,ILS,2021-08-05T20:03:09,2021-08-05T20:03:12,0.00,0.00,45.00,0,ppec_paypal,PayPal
11094,completed,ILS,2021-08-07T21:11:02,2021-08-07T21:11:05,0.00,0.00,35.00,0,ppec_paypal,PayPal Checkout
11095,completed,ILS,2021-08-08T12:34:07,2021-08-08T12:34:10,0.00,0.00,48.00,0,ppec_paypal,PayPal Checkout
11096,processing,ILS,2021-08-08T13:03:20,2021-08-08T13:03:22,0.00,0.00,55.00,0,ppec_paypal,PayPal Checkout
11097,completed,ILS,2021-08-08T13:42:24,2021-08-08T13:42:27,0.00,0.00,35.00,0,ppec_paypal,PayPal
11098,processing,ILS,2021-08-08T17:07:36,2021-08-08T17:07:40,0.00,0.00,65.00,0,ppec_paypal,PayPal
11099,processing,ILS,2021-08-08T18:47:08,2021-08-08T18:47:11,0.00,0.00,45.00,0,ppec_paypal,PayPal Checkout
11100,processing,ILS,2021-08-09T20:08:54,2021-08-09T20:08:57,0.00,0.00,35.00,0,ppec_paypal,PayPal
11101,processing,ILS,2021-08-09T22:18:54,2021-08-09T22:18:57,0.00,0.00,50.00,0,ppec_paypal,PayPal
11102,completed,ILS,2021-08-09T23:05:31,2021-08-09T23:05:33,0.00,0.00,35.00,0,ppec_paypal,PayPal Checkout
11104,processing,ILS,2021-08-10T07:52:10,2021-08-10T07:52:13,0.00,0.00,40.00,0,ppec_paypal,PayPal Checkout
11105,processing,ILS,2021-08-10T10:44:09,2021-08-10T10:44:12,0.00,0.00,35.00,0,ppec_paypal,PayPal Checkout
11106,processing,ILS,2021-08-10T12:13:52,2021-08-10T12:13:55,0.00,0.00,45.00,0,ppec_paypal,PayPal
11109,processing,ILS,2021-08-10T15:16:45,2021-08-10T15:16:47,0.00,0.00,40.00,0,ppec_paypal,PayPal Checkout
11110,completed,ILS,2021-08-10T15:43:08,2021-08-10T15:43:12,0.00,0.00,35.00,0,ppec_paypal,PayPal
11112,completed,ILS,2021-08-10T19:07:28,2021-08-10T19:07:32,0.00,0.00,45.00,0,ppec_paypal,PayPal
11113,completed,ILS,2021-08-10T20:31:35,2021-08-10T20:31:38,0.00,0.00,45.00,0,ppec_paypal,PayPal
11116,processing,ILS,2021-08-11T09:42:59,2021-08-11T09:43:03,0.00,0.00,35.00,0,ppec_paypal,PayPal
11117,processing,ILS,2021-08-11T10:33:58,2021-08-11T10:34:02,0.00,0.00,23.00,0,ppec_paypal,PayPal
11118,processing,ILS,2021-08-11T11:21:49,2021-08-11T11:21:52,0.00,0.00,40.00,0,ppec_paypal,PayPal Checkout
11119,completed,ILS,2021-08-11T13:32:28,2021-08-17T07:02:25,0.00,0.00,75.00,125416565,ppec_paypal,PayPal Checkout
11120,processing,ILS,2021-08-11T13:41:44,2021-08-11T13:41:48,0.00,0.00,28.00,0,ppec_paypal,PayPal
11121,pending,ILS,2021-08-11T14:14:30,2021-08-11T14:14:30,0.00,0.00,35.00,0,ppec_paypal,PayPal Checkout
11123,processing,ILS,2021-08-11T14:54:35,2021-08-11T14:54:38,0.00,0.00,75.00,125416566,ppec_paypal,PayPal
11124,completed,ILS,2021-08-11T16:26:28,2021-08-11T16:26:30,0.00,0.00,48.00,125416567,ppec_paypal,PayPal Checkout
11125,processing,ILS,2021-08-11T16:58:49,2021-08-11T16:58:52,0.00,0.00,35.00,125416568,ppec_paypal,PayPal Checkout
11126,completed,ILS,2021-08-11T22:08:57,2021-08-11T22:09:01,0.00,0.00,48.00,0,ppec_paypal,PayPal
11129,completed,ILS,2021-08-12T13:48:05,2023-08-17T21:06:38,0.00,0.00,70.00,0,ppec_paypal,PayPal
11130,processing,ILS,2021-08-12T18:41:26,2021-08-12T18:41:29,0.00,0.00,15.00,0,ppec_paypal,PayPal
11161,processing,ILS,2021-08-14T16:43:14,2021-08-14T16:43:17,0.00,0.00,65.00,0,ppec_paypal,PayPal
11162,completed,ILS,2021-08-14T16:50:46,2021-08-14T16:50:50,0.00,0.00,55.00,125416569,ppec_paypal,PayPal
11164,processing,ILS,2021-08-14T17:29:17,2021-08-14T17:29:21,0.00,0.00,55.00,125416284,ppec_paypal,PayPal
11165,completed,ILS,2021-08-14T17:31:16,2021-08-14T17:31:20,0.00,0.00,45.00,0,ppec_paypal,PayPal
11166,processing,ILS,2021-08-14T18:39:25,2021-08-14T18:39:28,0.00,0.00,55.00,0,ppec_paypal,PayPal Checkout
11167,processing,ILS,2021-08-14T19:29:45,2021-08-14T19:29:48,0.00,0.00,55.00,0,ppec_paypal,PayPal
11168,processing,ILS,2021-08-14T20:09:10,2021-08-14T20:09:15,0.00,0.00,91.00,125416571,ppec_paypal,PayPal
11169,processing,ILS,2021-08-14T20:36:00,2021-08-14T20:36:03,0.00,0.00,55.00,0,ppec_paypal,PayPal Checkout
11170,processing,ILS,2021-08-14T21:34:49,2021-08-14T21:34:52,0.00,0.00,55.00,125416172,ppec_paypal,PayPal
11171,pending,ILS,2021-08-14T22:03:22,2021-08-14T22:03:22,0.00,0.00,48.00,0,ppec_paypal,PayPal
11174,processing,ILS,2021-08-15T00:11:27,2021-08-15T00:11:30,0.00,0.00,55.00,125416572,ppec_paypal,PayPal Checkout
11175,processing,ILS,2021-08-15T00:12:34,2021-08-15T00:12:37,0.00,0.00,55.00,0,ppec_paypal,PayPal Checkout
11176,completed,ILS,2021-08-15T01:15:34,2021-08-15T01:15:37,0.00,0.00,20.00,0,ppec_paypal,PayPal Checkout
11177,processing,ILS,2021-08-15T01:34:12,2021-08-15T01:34:16,0.00,0.00,53.00,0,ppec_paypal,PayPal
11178,processing,ILS,2021-08-15T06:24:54,2021-08-15T06:24:56,0.00,0.00,55.00,0,ppec_paypal,PayPal Checkout
11180,processing,ILS,2021-08-15T08:55:36,2021-08-15T08:55:40,0.00,0.00,45.00,0,ppec_paypal,PayPal
11182,processing,ILS,2021-08-15T09:55:26,2021-08-15T09:55:30,0.00,0.00,45.00,0,ppec_paypal,PayPal
11183,completed,ILS,2021-08-15T10:57:54,2021-08-15T10:57:57,0.00,0.00,48.00,0,ppec_paypal,PayPal
11184,completed,ILS,2021-08-15T12:58:11,2021-08-15T12:58:14,0.00,0.00,45.00,0,ppec_paypal,PayPal
11186,completed,ILS,2021-08-15T14:22:33,2021-08-15T14:22:36,0.00,0.00,35.00,0,ppec_paypal,PayPal
11187,processing,ILS,2021-08-15T14:27:18,2021-08-15T14:27:22,0.00,0.00,65.00,0,ppec_paypal,PayPal
11188,processing,ILS,2021-08-15T14:28:03,2021-08-15T14:28:06,0.00,0.00,55.00,125416573,ppec_paypal,PayPal
11189,processing,ILS,2021-08-15T21:08:52,2021-08-15T21:08:56,0.00,0.00,55.00,0,ppec_paypal,PayPal
11191,completed,ILS,2021-08-16T07:55:05,2021-08-16T07:55:08,0.00,0.00,48.00,0,ppec_paypal,PayPal Checkout
11192,completed,ILS,2021-08-16T09:29:01,2021-08-16T09:29:04,0.00,0.00,45.00,125416574,ppec_paypal,PayPal
11193,completed,ILS,2021-08-16T10:17:17,2021-08-16T10:17:20,0.00,0.00,35.00,0,ppec_paypal,PayPal Checkout
11194,completed,ILS,2021-08-16T11:30:44,2021-08-16T11:30:47,0.00,0.00,45.00,0,ppec_paypal,PayPal Checkout
11195,processing,ILS,2021-08-16T14:23:34,2023-08-28T21:18:55,0.00,0.00,55.00,0,ppec_paypal,PayPal
11196,processing,ILS,2021-08-16T14:29:47,2021-08-18T13:26:09,0.00,0.00,40.00,0,ppec_paypal,PayPal
11197,processing,ILS,2021-08-16T19:21:23,2021-08-16T19:21:26,0.00,0.00,35.00,0,ppec_paypal,PayPal
11199,processing,ILS,2021-08-16T23:31:58,2021-08-16T23:32:02,0.00,0.00,133.00,125416575,ppec_paypal,PayPal
11200,processing,ILS,2021-08-17T07:52:21,2021-08-17T07:52:24,0.00,0.00,103.00,0,ppec_paypal,PayPal Checkout
11202,completed,ILS,2021-08-17T11:49:59,2021-08-17T11:50:01,0.00,0.00,75.00,0,ppec_paypal,PayPal Checkout
11203,processing,ILS,2021-08-17T12:47:51,2021-08-17T12:47:55,0.00,0.00,55.00,0,ppec_paypal,PayPal
11205,processing,ILS,2021-08-17T20:03:58,2021-08-17T20:04:01,0.00,0.00,28.00,0,ppec_paypal,PayPal
11207,processing,ILS,2021-08-18T13:09:52,2021-08-18T13:09:54,0.00,0.00,69.00,0,ppec_paypal,PayPal
11208,completed,ILS,2021-08-18T14:48:16,2021-08-18T14:48:20,0.00,0.00,45.00,0,ppec_paypal,PayPal
11209,processing,ILS,2021-08-18T15:10:19,2021-08-18T15:10:22,0.00,0.00,55.00,0,ppec_paypal,PayPal
11210,completed,ILS,2021-08-18T15:15:12,2021-08-18T15:15:15,0.00,0.00,45.00,0,ppec_paypal,PayPal
11211,processing,ILS,2021-08-18T18:27:56,2021-08-18T18:28:00,0.00,0.00,90.00,125416179,ppec_paypal,PayPal
11212,processing,ILS,2021-08-18T18:45:51,2021-08-18T18:45:54,0.00,0.00,55.00,0,ppec_paypal,PayPal
11214,processing,ILS,2021-08-18T23:57:25,2021-08-18T23:57:29,0.00,0.00,63.00,0,ppec_paypal,PayPal
11216,processing,ILS,2021-08-19T09:55:39,2021-08-19T09:55:45,0.00,0.00,60.00,0,ppec_paypal,PayPal
11217,completed,ILS,2021-08-19T13:57:31,2021-08-19T13:57:34,0.00,0.00,48.00,0,ppec_paypal,PayPal Checkout
11219,processing,ILS,2021-08-21T07:24:14,2021-08-21T07:24:16,0.00,0.00,35.00,0,ppec_paypal,PayPal Checkout
11220,completed,ILS,2021-08-21T16:00:17,2021-08-21T16:00:20,0.00,0.00,35.00,125416578,ppec_paypal,PayPal Checkout
11221,processing,ILS,2021-08-21T17:54:26,2021-08-21T17:54:29,0.00,0.00,18.00,125416577,ppec_paypal,PayPal Checkout
11223,processing,ILS,2021-08-21T18:04:23,2021-08-21T18:04:27,0.00,0.00,55.00,125416265,ppec_paypal,PayPal
11224,processing,ILS,2021-08-21T21:15:46,2021-08-21T21:15:49,0.00,0.00,65.00,125416579,ppec_paypal,PayPal
11225,completed,ILS,2021-08-22T00:16:10,2021-08-22T00:16:13,0.00,0.00,11.00,0,ppec_paypal,PayPal
11226,completed,ILS,2021-08-22T14:05:34,2021-08-22T14:05:37,0.00,0.00,45.00,125416581,ppec_paypal,PayPal Checkout
11227,processing,ILS,2021-08-22T17:26:21,2021-10-26T12:23:19,0.00,0.00,17.00,0,ppec_paypal,PayPal Checkout
11228,processing,ILS,2021-08-22T20:48:55,2021-08-22T20:48:59,0.00,0.00,65.00,0,ppec_paypal,PayPal
11229,processing,ILS,2021-08-22T22:14:04,2021-08-22T22:14:08,0.00,0.00,55.00,0,ppec_paypal,PayPal
11230,processing,ILS,2021-08-22T23:40:40,2021-08-22T23:40:43,0.00,0.00,72.00,125416582,ppec_paypal,PayPal
11231,processing,ILS,2021-08-23T10:48:03,2021-08-23T10:48:05,0.00,0.00,35.00,125416583,ppec_paypal,PayPal Checkout
11233,completed,ILS,2021-08-23T12:50:32,2021-08-23T12:50:36,0.00,0.00,11.00,0,ppec_paypal,PayPal
11234,processing,ILS,2021-08-23T19:28:35,2021-08-23T19:28:38,0.00,0.00,119.00,0,ppec_paypal,PayPal Checkout
11235,completed,ILS,2021-08-24T13:02:02,2021-08-24T13:02:05,0.00,0.00,35.00,125416394,ppec_paypal,PayPal
11237,completed,ILS,2021-08-24T18:29:28,2021-08-24T18:29:31,0.00,0.00,35.00,0,ppec_paypal,PayPal
11238,completed,ILS,2021-08-24T21:01:48,2021-08-24T21:01:52,0.00,0.00,35.00,125416465,ppec_paypal,PayPal
11239,processing,ILS,2021-08-24T21:09:03,2021-08-24T21:09:06,0.00,0.00,55.00,0,ppec_paypal,PayPal
11240,processing,ILS,2021-08-24T21:57:30,2021-08-24T21:57:34,0.00,0.00,35.00,125416585,ppec_paypal,PayPal
11241,processing,ILS,2021-08-25T01:18:46,2021-08-25T01:18:48,0.00,0.00,40.00,125416586,ppec_paypal,PayPal Checkout
11242,completed,ILS,2021-08-25T09:32:19,2021-08-25T09:32:22,0.00,0.00,35.00,125416587,ppec_paypal,PayPal
11243,processing,ILS,2021-08-25T09:46:44,2021-08-25T21:25:51,0.00,0.00,65.00,125416588,ppec_paypal,PayPal Checkout
11246,processing,ILS,2021-08-25T21:09:24,2021-08-25T21:09:27,0.00,0.00,65.00,125416589,ppec_paypal,PayPal
11247,processing,ILS,2021-08-25T23:19:25,2021-08-25T23:19:28,0.00,0.00,17.00,0,ppec_paypal,PayPal Checkout
11248,processing,ILS,2021-08-26T09:06:37,2021-08-26T09:06:40,0.00,0.00,40.00,0,ppec_paypal,PayPal Checkout
11249,completed,ILS,2021-08-26T09:11:14,2021-08-26T09:11:18,0.00,0.00,45.00,0,ppec_paypal,PayPal
11251,processing,ILS,2021-08-26T13:44:18,2021-08-26T13:44:21,0.00,0.00,65.00,125416590,ppec_paypal,PayPal
11255,processing,ILS,2021-08-27T11:34:16,2021-08-27T11:34:20,0.00,0.00,40.00,0,ppec_paypal,PayPal
11256,completed,ILS,2021-08-27T12:32:04,2021-08-27T12:32:06,0.00,0.00,35.00,0,ppec_paypal,PayPal
11257,processing,ILS,2021-08-27T15:54:33,2021-08-27T15:54:36,0.00,0.00,55.00,125416591,ppec_paypal,PayPal
11258,completed,ILS,2021-08-27T16:27:05,2022-08-03T10:53:11,0.00,0.00,75.00,0,ppec_paypal,PayPal
11259,processing,ILS,2021-08-27T17:12:53,2021-08-27T17:12:56,0.00,0.00,55.00,125416592,ppec_paypal,PayPal Checkout
11260,completed,ILS,2021-08-28T22:25:15,2021-08-28T22:25:18,0.00,0.00,48.00,0,ppec_paypal,PayPal
11262,processing,ILS,2021-08-29T01:24:02,2021-08-29T01:24:06,0.00,0.00,28.00,0,ppec_paypal,PayPal
11291,processing,ILS,2021-08-29T16:58:51,2021-08-29T16:58:55,0.00,0.00,10.00,0,ppec_paypal,PayPal
11292,processing,ILS,2021-08-29T17:16:32,2021-08-29T17:16:34,0.00,0.00,62.00,0,ppec_paypal,PayPal Checkout
11293,processing,ILS,2021-08-29T19:45:58,2021-08-29T19:46:01,0.00,0.00,40.00,0,ppec_paypal,PayPal
11294,completed,ILS,2021-08-29T21:50:29,2021-08-29T21:50:33,0.00,0.00,75.00,125416474,ppec_paypal,PayPal
11295,completed,ILS,2021-08-30T22:04:47,2021-08-30T22:04:51,0.00,0.00,75.00,0,ppec_paypal,PayPal
11296,processing,ILS,2021-08-31T09:20:52,2021-08-31T09:20:54,0.00,0.00,45.00,0,ppec_paypal,PayPal Checkout
11298,completed,ILS,2021-08-31T22:18:36,2021-08-31T22:18:40,0.00,0.00,48.00,0,ppec_paypal,PayPal
11299,processing,ILS,2021-09-02T01:20:20,2021-09-02T01:20:23,0.00,0.00,135.00,125416594,ppec_paypal,PayPal
11300,completed,ILS,2021-09-02T22:44:01,2021-09-02T22:44:03,0.00,0.00,75.00,0,ppec_paypal,PayPal Checkout
11301,processing,ILS,2021-09-04T13:17:28,2021-09-04T13:17:32,0.00,0.00,133.00,0,ppec_paypal,PayPal
11302,completed,ILS,2021-09-06T12:32:02,2021-09-06T12:32:05,0.00,0.00,48.00,125416595,ppec_paypal,PayPal
11308,completed,ILS,2021-09-08T21:56:03,2021-09-08T21:56:05,0.00,0.00,11.00,125416596,ppec_paypal,PayPal Checkout
11309,processing,ILS,2021-09-11T09:15:38,2021-09-11T09:15:41,0.00,0.00,28.00,0,ppec_paypal,PayPal Checkout
11310,processing,ILS,2021-09-12T13:23:22,2021-09-12T13:23:25,0.00,0.00,28.00,125416597,ppec_paypal,PayPal
11312,completed,ILS,2021-09-15T11:57:24,2021-09-15T11:57:27,0.00,0.00,17.00,0,ppec_paypal,PayPal Checkout
11313,processing,ILS,2021-09-18T15:33:28,2021-09-18T15:33:31,0.00,0.00,45.00,0,ppec_paypal,PayPal Checkout
11314,completed,ILS,2021-09-21T07:38:07,2021-09-21T07:38:10,0.00,0.00,48.00,0,ppec_paypal,PayPal Checkout
11315,processing,ILS,2021-09-24T15:31:30,2021-09-24T15:31:33,0.00,0.00,38.00,125416547,ppec_paypal,PayPal
11316,processing,ILS,2021-09-25T08:57:37,2021-09-25T08:57:40,0.00,0.00,74.00,0,ppec_paypal,PayPal
11317,completed,ILS,2021-09-27T09:43:18,2021-09-27T09:43:21,0.00,0.00,54.00,0,ppec_paypal,PayPal
11318,pending,ILS,2021-09-28T20:44:07,2021-09-28T20:44:07,0.00,0.00,17.00,0,ppec_paypal,PayPal Checkout
11319,processing,ILS,2021-09-29T20:27:23,2021-09-29T20:27:26,0.00,0.00,28.00,0,ppec_paypal,PayPal
11320,processing,ILS,2021-09-29T23:02:42,2021-09-29T23:02:47,0.00,0.00,17.00,0,ppec_paypal,PayPal
11321,processing,ILS,2021-10-01T16:45:27,2021-10-01T16:45:29,0.00,0.00,28.00,0,ppec_paypal,PayPal Checkout
11323,processing,ILS,2021-10-03T16:33:40,2021-10-03T16:33:44,0.00,0.00,144.00,0,ppec_paypal,PayPal
11324,completed,ILS,2021-10-04T12:57:43,2021-10-04T12:57:46,0.00,0.00,54.00,0,ppec_paypal,PayPal
11325,processing,ILS,2021-10-04T21:48:46,2021-10-04T21:48:50,0.00,0.00,40.00,125416602,ppec_paypal,PayPal
11331,processing,ILS,2021-10-06T16:57:32,2021-10-06T16:57:35,0.00,0.00,17.00,0,ppec_paypal,PayPal Checkout
11332,processing,ILS,2021-10-07T00:04:18,2021-10-07T00:04:21,0.00,0.00,28.00,125416603,ppec_paypal,PayPal Checkout
11333,completed,ILS,2021-10-07T09:51:21,2021-10-07T09:51:24,0.00,0.00,75.00,0,ppec_paypal,PayPal
11334,completed,ILS,2021-10-07T10:49:49,2021-10-07T10:49:52,0.00,0.00,75.00,0,ppec_paypal,PayPal
11335,processing,ILS,2021-10-08T09:55:43,2021-10-08T09:55:46,0.00,0.00,28.00,125416444,ppec_paypal,PayPal
11336,completed,ILS,2021-10-08T23:16:46,2021-10-08T23:16:49,0.00,0.00,54.00,0,ppec_paypal,PayPal
11337,processing,ILS,2021-10-09T11:22:19,2021-10-09T11:22:22,0.00,0.00,17.00,0,ppec_paypal,PayPal Checkout
11338,completed,ILS,2021-10-10T17:37:17,2021-10-10T17:37:20,0.00,0.00,54.00,125416257,ppec_paypal,PayPal
11339,processing,ILS,2021-10-11T16:53:52,2021-10-11T16:53:56,0.00,0.00,188.00,125416606,ppec_paypal,PayPal
11346,processing,ILS,2021-10-13T08:06:20,2021-10-13T08:06:23,0.00,0.00,17.00,0,ppec_paypal,PayPal Checkout
11347,processing,ILS,2021-10-16T11:13:28,2021-10-16T11:13:31,0.00,0.00,17.00,125416607,ppec_paypal,PayPal
11348,processing,ILS,2021-10-16T15:43:35,2021-10-16T15:43:38,0.00,0.00,68.00,0,ppec_paypal,PayPal Checkout
11349,completed,ILS,2021-10-17T15:19:18,2021-10-17T15:19:22,0.00,0.00,75.00,0,ppec_paypal,PayPal
11354,processing,ILS,2021-10-21T15:06:46,2021-10-21T15:06:49,0.00,0.00,204.00,0,ppec_paypal,PayPal
11355,processing,ILS,2021-10-22T18:45:45,2021-10-22T18:45:48,0.00,0.00,38.00,125416608,ppec_paypal,PayPal Checkout
11356,completed,ILS,2021-10-24T23:08:35,2021-10-28T17:11:02,0.00,0.00,75.00,0,ppec_paypal,PayPal
11399,completed,ILS,2021-10-25T21:27:32,2021-10-25T21:27:35,0.00,0.00,20.00,0,ppec_paypal,PayPal
11404,processing,ILS,2021-10-26T23:09:51,2021-10-26T23:09:55,0.00,0.00,17.00,125416610,ppec_paypal,PayPal
11406,processing,ILS,2021-10-29T07:26:54,2021-10-29T07:26:58,0.00,0.00,28.00,0,ppec_paypal,PayPal
11407,processing,ILS,2021-10-30T14:23:11,2021-10-30T14:23:13,0.00,0.00,17.00,125416611,ppec_paypal,PayPal Checkout
11408,completed,ILS,2021-10-31T17:21:43,2021-10-31T17:21:46,0.00,0.00,75.00,125416612,ppec_paypal,PayPal
11409,pending,ILS,2021-10-31T23:20:49,2021-10-31T23:20:49,0.00,0.00,35.00,125416613,ppec_paypal,PayPal Checkout
11411,completed,ILS,2021-11-01T20:08:50,2021-11-01T20:08:54,0.00,0.00,17.00,0,ppec_paypal,PayPal Checkout
11412,processing,ILS,2021-11-02T15:30:43,2021-11-02T15:30:47,0.00,0.00,20.00,0,ppec_paypal,PayPal
11417,processing,ILS,2021-11-04T15:51:33,2021-11-04T15:51:37,0.00,0.00,20.00,0,ppec_paypal,PayPal
11418,processing,ILS,2021-11-06T07:08:17,2021-11-06T07:08:20,0.00,0.00,17.00,0,ppec_paypal,PayPal Checkout
11419,processing,ILS,2021-11-06T17:51:07,2021-11-06T17:51:10,0.00,0.00,20.00,0,ppec_paypal,PayPal Checkout
11420,completed,ILS,2021-11-06T21:33:09,2021-11-06T21:33:13,0.00,0.00,17.00,125416614,ppec_paypal,PayPal
11421,processing,ILS,2021-11-08T11:02:11,2021-11-08T11:02:14,0.00,0.00,18.00,0,ppec_paypal,PayPal Checkout
11422,processing,ILS,2021-11-08T12:27:57,2021-11-08T12:28:00,0.00,0.00,20.00,125416615,ppec_paypal,PayPal Checkout
11424,processing,ILS,2021-11-08T21:27:53,2021-11-08T21:27:56,0.00,0.00,28.00,0,ppec_paypal,PayPal
11425,processing,ILS,2021-11-09T19:45:11,2021-11-09T19:45:14,0.00,0.00,20.00,0,ppec_paypal,PayPal
11430,processing,ILS,2021-11-13T09:02:33,2021-11-13T09:02:36,0.00,0.00,20.00,125416616,ppec_paypal,PayPal
11431,processing,ILS,2021-11-13T21:50:27,2021-11-13T21:50:30,0.00,0.00,20.00,0,ppec_paypal,PayPal Checkout
11432,processing,ILS,2021-11-13T23:22:54,2021-11-13T23:22:57,0.00,0.00,60.00,125416425,ppec_paypal,PayPal
11433,processing,ILS,2021-11-14T18:57:52,2021-11-14T18:57:56,0.00,0.00,38.00,125416618,ppec_paypal,PayPal
11434,processing,ILS,2021-11-15T18:45:53,2021-11-15T18:45:55,0.00,0.00,20.00,125416619,ppec_paypal,PayPal Checkout
11444,processing,ILS,2021-11-18T23:30:17,2021-11-18T23:30:20,0.00,0.00,35.00,0,ppec_paypal,PayPal
11445,processing,ILS,2021-11-19T19:05:52,2021-11-19T19:05:54,0.00,0.00,18.00,0,ppec_paypal,PayPal Checkout
11446,processing,ILS,2021-11-20T08:00:29,2021-11-20T08:00:32,0.00,0.00,20.00,0,ppec_paypal,PayPal
11448,processing,ILS,2021-11-21T12:55:27,2021-11-21T12:55:29,0.00,0.00,20.00,0,ppec_paypal,PayPal Checkout
11451,processing,ILS,2021-11-22T19:49:59,2021-11-22T19:50:02,0.00,0.00,20.00,0,ppec_paypal,PayPal
11452,processing,ILS,2021-11-23T18:44:16,2021-11-23T18:44:20,0.00,0.00,38.00,125416620,ppec_paypal,PayPal
11457,processing,ILS,2021-11-23T23:30:05,2021-11-23T23:30:08,0.00,0.00,20.00,0,ppec_paypal,PayPal Checkout
11458,processing,ILS,2021-11-24T13:09:18,2021-11-24T13:09:22,0.00,0.00,55.00,0,ppec_paypal,PayPal
11460,completed,ILS,2021-11-24T19:05:33,2021-11-24T19:05:36,0.00,0.00,50.00,0,ppec_paypal,PayPal Checkout
11461,processing,ILS,2021-11-24T19:39:27,2021-11-24T19:39:30,0.00,0.00,17.00,125416621,ppec_paypal,PayPal
11462,processing,ILS,2021-11-25T18:54:04,2021-11-25T18:54:08,0.00,0.00,18.00,0,ppec_paypal,PayPal
11463,processing,ILS,2021-11-25T21:38:03,2021-11-25T21:38:07,0.00,0.00,73.00,125416622,ppec_paypal,PayPal
11465,completed,ILS,2021-11-28T13:13:20,2021-11-28T13:13:23,0.00,0.00,108.00,0,ppec_paypal,PayPal
11466,processing,ILS,2021-11-28T13:42:00,2021-11-28T13:42:03,0.00,0.00,20.00,0,ppec_paypal,PayPal
11467,processing,ILS,2021-11-28T16:51:25,2021-11-28T16:51:29,0.00,0.00,20.00,0,ppec_paypal,PayPal
11468,processing,ILS,2021-11-29T06:28:34,2021-11-29T06:28:37,0.00,0.00,20.00,0,ppec_paypal,PayPal
11469,processing,ILS,2021-11-29T20:05:01,2021-11-29T20:05:04,0.00,0.00,104.00,0,ppec_paypal,PayPal
11470,processing,ILS,2021-11-30T08:52:59,2021-11-30T08:53:03,0.00,0.00,20.00,125416624,ppec_paypal,PayPal
11471,processing,ILS,2021-11-30T11:59:44,2021-11-30T11:59:48,0.00,0.00,45.00,0,ppec_paypal,PayPal
11476,processing,ILS,2021-12-01T15:28:41,2021-12-01T15:28:45,0.00,0.00,28.00,125416625,ppec_paypal,PayPal
11477,processing,ILS,2021-12-01T21:31:51,2021-12-01T21:31:54,0.00,0.00,18.00,125416626,ppec_paypal,PayPal
11478,processing,ILS,2021-12-02T08:57:24,2021-12-02T08:57:27,0.00,0.00,28.00,0,ppec_paypal,PayPal
11479,processing,ILS,2021-12-02T21:26:41,2021-12-02T21:26:44,0.00,0.00,125.00,0,ppec_paypal,PayPal Checkout
11480,processing,ILS,2021-12-06T11:16:31,2021-12-06T11:16:34,0.00,0.00,17.00,0,ppec_paypal,PayPal Checkout
11481,pending,ILS,2021-12-06T21:09:56,2021-12-06T21:09:56,0.00,0.00,34.00,0,ppec_paypal,PayPal Checkout
11482,processing,ILS,2021-12-07T01:47:09,2021-12-07T01:47:13,0.00,0.00,35.00,0,ppec_paypal,PayPal
11488,processing,ILS,2021-12-08T10:03:25,2021-12-08T10:03:28,0.00,0.00,28.00,0,ppec_paypal,PayPal
11489,processing,ILS,2021-12-08T19:51:48,2021-12-08T19:51:51,0.00,0.00,17.00,0,ppec_paypal,PayPal Checkout
11490,processing,ILS,2021-12-09T16:15:43,2021-12-09T16:15:47,0.00,0.00,18.00,125416172,ppec_paypal,PayPal
11491,processing,ILS,2021-12-10T04:16:50,2021-12-10T04:16:52,0.00,0.00,17.00,0,ppec_paypal,PayPal Checkout
11492,processing,ILS,2021-12-10T10:45:27,2021-12-10T10:45:30,0.00,0.00,15.00,0,ppec_paypal,PayPal
11493,completed,ILS,2021-12-12T10:03:32,2021-12-12T10:03:35,0.00,0.00,50.00,0,ppec_paypal,PayPal
11495,processing,ILS,2021-12-13T09:46:20,2021-12-13T09:46:23,0.00,0.00,17.00,125416632,ppec_paypal,PayPal
11497,processing,ILS,2021-12-14T07:14:22,2021-12-14T07:14:25,0.00,0.00,35.00,0,ppec_paypal,PayPal Checkout
11502,processing,ILS,2021-12-15T10:58:49,2021-12-15T10:58:52,0.00,0.00,18.00,125416633,ppec_paypal,PayPal Checkout
11503,processing,ILS,2021-12-15T18:04:44,2021-12-15T18:04:47,0.00,0.00,17.00,0,ppec_paypal,PayPal Checkout
11504,completed,ILS,2021-12-16T01:43:47,2021-12-16T01:43:48,0.00,0.00,17.00,0,ppec_paypal,PayPal Checkout
11505,processing,ILS,2021-12-18T07:58:48,2021-12-18T07:58:51,0.00,0.00,28.00,0,ppec_paypal,PayPal Checkout
11506,processing,ILS,2021-12-18T16:57:48,2021-12-18T16:57:52,0.00,0.00,28.00,0,ppec_paypal,PayPal
11507,processing,ILS,2021-12-18T22:30:58,2021-12-18T22:31:01,0.00,0.00,40.00,125416347,ppec_paypal,PayPal Checkout
11513,processing,ILS,2021-12-21T14:35:23,2021-12-21T14:35:26,0.00,0.00,34.00,0,ppec_paypal,PayPal Checkout
11514,processing,ILS,2021-12-21T23:27:37,2021-12-21T23:27:40,0.00,0.00,28.00,0,ppec_paypal,PayPal
11515,processing,ILS,2021-12-24T14:10:43,2021-12-24T14:10:46,0.00,0.00,35.00,0,ppec_paypal,PayPal Checkout
11516,processing,ILS,2021-12-25T14:20:16,2021-12-25T14:20:19,0.00,0.00,18.00,0,ppec_paypal,PayPal
11518,completed,ILS,2021-12-26T12:03:04,2021-12-26T12:03:07,0.00,0.00,17.00,0,ppec_paypal,PayPal
11519,processing,ILS,2021-12-30T11:53:36,2021-12-30T11:53:39,0.00,0.00,28.00,0,ppec_paypal,PayPal
11524,processing,ILS,2022-01-07T18:07:54,2022-01-07T18:07:57,0.00,0.00,17.00,0,ppec_paypal,PayPal Checkout
11525,completed,ILS,2022-01-09T11:08:18,2022-01-09T11:08:21,0.00,0.00,17.00,0,ppec_paypal,PayPal Checkout
11530,completed,ILS,2022-01-16T10:40:41,2022-01-16T10:40:44,0.00,0.00,17.00,0,ppec_paypal,PayPal
11531,processing,ILS,2022-01-16T21:13:42,2022-01-16T21:13:45,0.00,0.00,18.00,0,ppec_paypal,PayPal Checkout
11537,processing,ILS,2022-01-19T20:34:53,2022-01-19T20:34:56,0.00,0.00,17.00,0,ppec_paypal,PayPal Checkout
11543,processing,ILS,2022-01-28T13:14:49,2022-01-28T13:14:52,0.00,0.00,17.00,0,ppec_paypal,PayPal
11544,pending,ILS,2022-01-29T22:43:13,2022-01-29T22:43:13,0.00,0.00,17.00,0,ppec_paypal,PayPal
11545,completed,ILS,2022-01-30T18:44:28,2022-01-30T18:44:31,0.00,0.00,20.00,125416648,ppec_paypal,PayPal
11547,processing,ILS,2022-02-01T21:46:13,2022-02-01T21:46:17,0.00,0.00,28.00,0,ppec_paypal,PayPal
11552,processing,ILS,2022-02-05T20:50:30,2022-02-05T20:50:33,0.00,0.00,28.00,125416649,ppec_paypal,PayPal
11553,processing,ILS,2022-02-08T15:46:00,2022-02-08T15:46:03,0.00,0.00,28.00,0,ppec_paypal,PayPal Checkout
11559,processing,ILS,2022-02-10T22:01:40,2022-02-10T22:01:43,0.00,0.00,34.00,0,ppec_paypal,PayPal Checkout
11560,processing,ILS,2022-02-10T23:10:59,2022-02-10T23:11:02,0.00,0.00,17.00,125416650,ppec_paypal,PayPal Checkout
11561,processing,ILS,2022-02-10T23:11:37,2022-02-10T23:11:40,0.00,0.00,17.00,0,ppec_paypal,PayPal
11562,processing,ILS,2022-02-12T14:43:08,2022-02-12T14:43:11,0.00,0.00,35.00,0,ppec_paypal,PayPal Checkout
11563,processing,ILS,2022-02-15T18:31:52,2022-02-15T18:31:55,0.00,0.00,65.00,0,ppec_paypal,PayPal
11569,completed,ILS,2022-02-19T10:20:07,2022-02-19T10:20:11,0.00,0.00,54.00,0,ppec_paypal,PayPal
11570,processing,ILS,2022-02-21T06:22:12,2022-02-21T06:22:15,0.00,0.00,28.00,0,ppec_paypal,PayPal
11572,processing,ILS,2022-02-23T06:27:56,2022-02-23T06:27:59,0.00,0.00,28.00,0,ppec_paypal,PayPal
11577,processing,ILS,2022-02-26T13:56:39,2022-02-26T13:56:42,0.00,0.00,18.00,0,ppec_paypal,PayPal Checkout
11578,processing,ILS,2022-02-26T15:20:29,2022-02-26T15:20:33,0.00,0.00,17.00,0,ppec_paypal,PayPal
11579,completed,ILS,2022-02-28T20:44:13,2022-02-28T20:44:17,0.00,0.00,75.00,125416658,ppec_paypal,PayPal
11584,processing,ILS,2022-03-01T15:59:13,2022-03-01T15:59:16,0.00,0.00,17.00,0,ppec_paypal,PayPal
11585,completed,ILS,2022-03-01T20:15:54,2022-03-01T20:15:57,0.00,0.00,17.00,125416659,ppec_paypal,PayPal
11586,completed,ILS,2022-03-05T20:41:51,2022-03-05T20:41:54,0.00,0.00,75.00,0,ppec_paypal,PayPal
11595,processing,ILS,2022-03-09T11:46:43,2022-03-09T11:46:46,0.00,0.00,28.00,0,ppec_paypal,PayPal Checkout
11597,completed,ILS,2022-03-12T18:48:01,2022-03-12T18:48:04,0.00,0.00,17.00,0,ppec_paypal,PayPal Checkout
11598,completed,ILS,2022-03-13T18:35:19,2022-03-13T18:35:22,0.00,0.00,17.00,0,ppec_paypal,PayPal Checkout
11600,processing,ILS,2022-03-15T15:31:35,2022-03-15T15:31:38,0.00,0.00,80.00,125416660,ppec_paypal,PayPal
11605,completed,ILS,2022-03-18T18:07:47,2023-07-09T18:05:31,0.00,0.00,75.00,125416278,ppec_paypal,PayPal Checkout
11606,completed,ILS,2022-03-20T21:45:12,2022-03-20T21:45:15,0.00,0.00,17.00,0,ppec_paypal,PayPal
11607,completed,ILS,2022-03-22T09:00:42,2022-03-22T09:00:45,0.00,0.00,17.00,0,ppec_paypal,PayPal
11609,completed,ILS,2022-03-22T11:58:46,2022-03-22T11:58:50,0.00,0.00,75.00,0,ppec_paypal,PayPal
11630,processing,ILS,2022-04-05T14:29:08,2022-04-05T14:29:11,0.00,0.00,28.00,0,ppec_paypal,PayPal Checkout
11631,processing,ILS,2022-04-05T20:40:21,2022-04-05T20:40:24,0.00,0.00,74.00,125416661,ppec_paypal,PayPal Checkout
11649,processing,ILS,2022-04-22T12:37:41,2022-04-22T12:37:44,0.00,0.00,23.00,0,ppec_paypal,PayPal
11651,completed,ILS,2022-04-25T18:07:55,2022-04-25T18:07:58,0.00,0.00,75.00,0,ppec_paypal,PayPal
11660,processing,ILS,2022-04-27T13:09:05,2022-04-27T13:09:08,0.00,0.00,80.00,0,ppec_paypal,PayPal
11669,pending,ILS,2022-05-07T13:47:36,2022-05-07T13:47:36,0.00,0.00,75.00,0,ppec_paypal,PayPal
11670,processing,ILS,2022-05-07T20:49:54,2022-05-07T20:49:57,0.00,0.00,28.00,125416668,ppec_paypal,PayPal
11672,processing,ILS,2022-05-11T15:40:28,2022-05-11T15:40:31,0.00,0.00,15.00,0,ppec_paypal,PayPal Checkout
11678,completed,ILS,2022-05-12T09:10:15,2022-05-12T09:10:18,0.00,0.00,75.00,125416669,ppec_paypal,PayPal
11679,processing,ILS,2022-05-12T15:24:18,2022-05-12T15:24:20,0.00,0.00,48.00,125416670,ppec_paypal,PayPal
11681,processing,ILS,2022-05-14T13:33:33,2022-05-14T13:33:36,0.00,0.00,17.00,0,ppec_paypal,PayPal
11690,processing,ILS,2022-05-19T10:29:02,2022-05-19T10:29:04,0.00,0.00,17.00,0,ppec_paypal,PayPal Checkout
11695,processing,ILS,2022-05-21T19:21:35,2022-05-21T19:21:38,0.00,0.00,45.00,0,ppec_paypal,PayPal
11697,processing,ILS,2022-05-22T23:47:12,2022-05-22T23:47:15,0.00,0.00,32.00,125416425,ppec_paypal,PayPal
11698,processing,ILS,2022-05-23T09:03:09,2022-05-23T09:03:12,0.00,0.00,32.00,0,ppec_paypal,PayPal
11699,completed,ILS,2022-05-23T18:46:30,2022-05-23T18:46:33,0.00,0.00,16.00,0,ppec_paypal,PayPal
11702,processing,ILS,2022-05-23T22:51:33,2022-05-23T22:51:36,0.00,0.00,15.00,125416672,ppec_paypal,PayPal
11703,processing,ILS,2022-05-25T12:27:05,2022-05-25T12:27:08,0.00,0.00,15.00,0,ppec_paypal,PayPal Checkout
11704,processing,ILS,2022-05-25T17:21:22,2022-05-25T17:21:25,0.00,0.00,15.00,125416673,ppec_paypal,PayPal
11705,completed,ILS,2022-05-25T17:48:05,2022-05-25T17:48:08,0.00,0.00,75.00,0,ppec_paypal,PayPal
11710,processing,ILS,2022-05-26T14:13:30,2022-05-26T14:13:33,0.00,0.00,32.00,0,ppec_paypal,PayPal
11711,processing,ILS,2022-05-27T11:07:22,2022-05-27T11:07:25,0.00,0.00,15.00,0,ppec_paypal,PayPal
11712,processing,ILS,2022-05-27T12:10:49,2022-05-27T12:10:52,0.00,0.00,32.00,0,ppec_paypal,PayPal
11713,processing,ILS,2022-05-28T18:26:32,2022-05-28T18:26:35,0.00,0.00,35.00,125416674,ppec_paypal,PayPal
11714,processing,ILS,2022-05-28T18:47:34,2022-05-28T18:47:37,0.00,0.00,15.00,125416675,ppec_paypal,PayPal
11715,processing,ILS,2022-05-28T21:15:14,2022-05-28T21:15:18,0.00,0.00,15.00,0,ppec_paypal,PayPal
11716,processing,ILS,2022-05-29T06:55:34,2022-05-29T06:55:37,0.00,0.00,15.00,0,ppec_paypal,PayPal
11717,processing,ILS,2022-05-29T13:45:02,2022-05-29T13:45:05,0.00,0.00,15.00,125416676,ppec_paypal,PayPal Checkout
11719,processing,ILS,2022-05-30T11:31:49,2022-05-30T11:31:52,0.00,0.00,15.00,0,ppec_paypal,PayPal Checkout
11720,processing,ILS,2022-05-30T21:58:58,2022-05-30T21:59:02,0.00,0.00,15.00,125416677,ppec_paypal,PayPal
11721,processing,ILS,2022-05-30T23:27:01,2022-05-30T23:27:05,0.00,0.00,15.00,0,ppec_paypal,PayPal
11722,processing,ILS,2022-05-31T02:22:01,2022-05-31T02:22:04,0.00,0.00,17.00,0,ppec_paypal,PayPal
11727,processing,ILS,2022-05-31T22:39:11,2022-05-31T22:39:15,0.00,0.00,15.00,125416678,ppec_paypal,PayPal
11728,processing,ILS,2022-06-01T15:47:09,2022-06-01T15:47:12,0.00,0.00,32.00,125416679,ppec_paypal,PayPal
11729,processing,ILS,2022-06-01T22:23:23,2022-06-01T22:23:26,0.00,0.00,17.00,0,ppec_paypal,PayPal Checkout
11730,processing,ILS,2022-06-06T15:52:27,2022-06-06T15:52:30,0.00,0.00,92.00,0,ppec_paypal,PayPal Checkout
11731,processing,ILS,2022-06-07T13:08:40,2022-06-07T13:08:44,0.00,0.00,55.00,0,ppec_paypal,PayPal
11738,processing,ILS,2022-06-13T13:07:05,2022-06-13T13:07:08,0.00,0.00,65.00,125416358,ppec_paypal,PayPal Checkout
11739,processing,ILS,2022-06-15T15:57:47,2022-06-15T15:57:51,0.00,0.00,18.00,0,ppec_paypal,PayPal
11744,completed,ILS,2022-06-15T20:18:33,2022-06-15T20:18:35,0.00,0.00,17.00,0,ppec_paypal,PayPal Checkout
11745,completed,ILS,2022-06-16T19:42:33,2022-06-16T19:42:38,0.00,0.00,17.00,0,ppec_paypal,PayPal
11747,completed,ILS,2022-06-16T19:48:44,2022-06-16T19:48:49,0.00,0.00,17.00,0,ppec_paypal,PayPal Checkout
11750,processing,ILS,2022-06-17T12:37:31,2022-06-17T12:37:34,0.00,0.00,17.00,0,ppec_paypal,PayPal Checkout
11751,processing,ILS,2022-06-20T08:26:49,2022-06-20T08:26:52,0.00,0.00,48.00,125416681,ppec_paypal,PayPal
11752,processing,ILS,2022-06-20T12:29:20,2022-06-20T12:29:22,0.00,0.00,48.00,0,ppec_paypal,PayPal
11753,processing,ILS,2022-06-22T11:32:58,2022-06-22T11:33:01,0.00,0.00,17.00,0,ppec_paypal,PayPal Checkout
11758,processing,ILS,2022-06-23T22:23:11,2022-06-23T22:23:14,0.00,0.00,17.00,125416682,ppec_paypal,PayPal
11759,processing,ILS,2022-06-24T09:54:18,2022-06-24T09:54:21,0.00,0.00,65.00,125416683,ppec_paypal,PayPal
11760,processing,ILS,2022-06-26T02:09:26,2022-06-26T02:09:28,0.00,0.00,35.00,0,ppec_paypal,PayPal Checkout
11761,processing,ILS,2022-06-26T11:56:50,2022-06-26T11:56:53,0.00,0.00,65.00,0,ppec_paypal,PayPal
11762,completed,ILS,2022-06-26T17:05:31,2022-06-26T17:05:34,0.00,0.00,35.00,0,ppec_paypal,PayPal Checkout
11764,processing,ILS,2022-06-28T16:15:44,2022-06-28T16:15:47,0.00,0.00,55.00,0,ppec_paypal,PayPal
11765,processing,ILS,2022-06-28T22:09:17,2022-06-28T22:09:20,0.00,0.00,86.00,0,ppec_paypal,PayPal
11771,processing,ILS,2022-06-30T08:33:48,2022-06-30T08:33:51,0.00,0.00,17.00,0,ppec_paypal,PayPal
11772,completed,ILS,2022-06-30T14:23:55,2022-06-30T14:23:58,0.00,0.00,34.00,125416687,ppec_paypal,PayPal
11773,pending,ILS,2022-06-30T16:02:34,2022-06-30T16:02:34,0.00,0.00,34.00,0,ppec_paypal,PayPal
11774,completed,ILS,2022-06-30T16:39:33,2022-06-30T16:39:35,0.00,0.00,34.00,125416687,ppec_paypal,PayPal
11775,processing,ILS,2022-06-30T21:46:00,2022-06-30T21:46:03,0.00,0.00,53.00,125416688,ppec_paypal,PayPal
11776,processing,ILS,2022-07-01T17:26:14,2022-07-01T17:26:17,0.00,0.00,55.00,0,ppec_paypal,PayPal
11777,completed,ILS,2022-07-03T10:37:29,2022-07-03T10:37:32,0.00,0.00,35.00,0,ppec_paypal,PayPal
11778,processing,ILS,2022-07-03T11:42:41,2022-07-03T11:42:45,0.00,0.00,65.00,0,ppec_paypal,PayPal
11779,completed,ILS,2022-07-03T12:39:51,2022-07-03T12:39:54,0.00,0.00,20.00,0,ppec_paypal,PayPal
11780,processing,ILS,2022-07-03T23:34:00,2022-07-03T23:34:03,0.00,0.00,35.00,125416689,ppec_paypal,PayPal Checkout
11781,completed,ILS,2022-07-04T02:34:55,2022-07-04T02:34:58,0.00,0.00,17.00,125416392,ppec_paypal,PayPal
11782,processing,ILS,2022-07-04T09:40:15,2022-07-04T09:40:18,0.00,0.00,48.00,0,ppec_paypal,PayPal
11783,processing,ILS,2022-07-04T09:59:35,2026-07-17T18:14:32,0.00,0.00,154.00,0,ppec_paypal,PayPal
11784,processing,ILS,2022-07-04T10:35:35,2022-07-04T10:35:38,0.00,0.00,35.00,125416690,ppec_paypal,PayPal
11785,completed,ILS,2022-07-04T11:18:17,2022-07-04T11:18:20,0.00,0.00,45.00,0,ppec_paypal,PayPal
11786,processing,ILS,2022-07-05T04:08:27,2022-07-05T04:08:30,0.00,0.00,62.00,0,ppec_paypal,PayPal Checkout
11787,processing,ILS,2022-07-05T09:28:33,2022-07-05T09:28:36,0.00,0.00,110.00,0,ppec_paypal,PayPal Checkout
11788,processing,ILS,2022-07-05T09:36:45,2022-07-05T09:36:48,0.00,0.00,80.00,0,ppec_paypal,PayPal
11790,processing,ILS,2022-07-05T16:10:46,2022-07-05T16:10:49,0.00,0.00,55.00,125416694,ppec_paypal,PayPal Checkout
11791,processing,ILS,2022-07-05T16:34:00,2022-07-05T16:34:03,0.00,0.00,28.00,0,ppec_paypal,PayPal
11794,completed,ILS,2022-07-05T22:43:52,2022-07-05T22:43:55,0.00,0.00,11.00,0,ppec_paypal,PayPal Checkout
11796,completed,ILS,2022-07-06T02:13:14,2022-07-06T02:13:17,0.00,0.00,35.00,0,ppec_paypal,PayPal
11797,completed,ILS,2022-07-06T09:48:26,2022-07-06T09:48:29,0.00,0.00,54.00,0,ppec_paypal,PayPal Checkout
11806,processing,ILS,2022-07-09T09:33:14,2022-07-09T09:33:16,0.00,0.00,38.00,125416696,ppec_paypal,PayPal Checkout
11807,processing,ILS,2022-07-09T10:43:39,2022-07-09T10:43:42,0.00,0.00,17.00,125416697,ppec_paypal,PayPal
11809,processing,ILS,2022-07-10T10:32:18,2022-07-10T10:32:21,0.00,0.00,55.00,0,ppec_paypal,PayPal
11810,completed,ILS,2022-07-10T10:48:43,2022-07-10T10:48:46,0.00,0.00,45.00,0,ppec_paypal,PayPal Checkout
11811,processing,ILS,2022-07-10T11:16:35,2022-07-10T11:16:38,0.00,0.00,35.00,0,ppec_paypal,PayPal Checkout
11812,processing,ILS,2022-07-10T11:36:43,2022-07-10T11:36:45,0.00,0.00,55.00,0,ppec_paypal,PayPal
11813,processing,ILS,2022-07-10T12:45:36,2022-07-10T12:45:39,0.00,0.00,62.00,0,ppec_paypal,PayPal Checkout
11814,processing,ILS,2022-07-10T15:21:00,2022-07-10T15:21:02,0.00,0.00,41.00,125416509,ppec_paypal,PayPal
11815,processing,ILS,2022-07-10T16:12:31,2022-07-10T16:12:34,0.00,0.00,35.00,125416542,ppec_paypal,PayPal Checkout
11816,completed,ILS,2022-07-10T17:54:44,2022-07-10T17:54:47,0.00,0.00,45.00,0,ppec_paypal,PayPal
11817,processing,ILS,2022-07-10T19:16:42,2022-07-10T19:16:45,0.00,0.00,51.00,0,ppec_paypal,PayPal
11818,processing,ILS,2022-07-10T20:50:19,2022-07-10T20:50:22,0.00,0.00,62.00,125416698,ppec_paypal,PayPal
11819,processing,ILS,2022-07-10T21:24:23,2022-07-10T21:24:25,0.00,0.00,35.00,0,ppec_paypal,PayPal Checkout
11821,processing,ILS,2022-07-11T08:52:40,2022-07-11T08:52:43,0.00,0.00,55.00,0,ppec_paypal,PayPal
11822,pending,ILS,2022-07-11T16:51:48,2022-07-11T16:51:48,0.00,0.00,65.00,0,ppec_paypal,PayPal
11824,processing,ILS,2022-07-11T20:20:38,2022-07-11T20:20:41,0.00,0.00,130.00,125416699,ppec_paypal,PayPal
11826,processing,ILS,2022-07-11T21:05:03,2022-07-11T21:05:06,0.00,0.00,70.00,0,ppec_paypal,PayPal
11828,completed,ILS,2022-07-11T23:54:52,2022-07-11T23:54:55,0.00,0.00,45.00,125416700,ppec_paypal,PayPal Checkout
11829,processing,ILS,2022-07-12T09:27:03,2022-07-12T09:27:07,0.00,0.00,55.00,0,ppec_paypal,PayPal
11831,completed,ILS,2022-07-12T11:08:49,2022-07-12T11:08:52,0.00,0.00,35.00,125416679,ppec_paypal,PayPal
11832,completed,ILS,2022-07-12T11:53:46,2022-07-12T11:53:48,0.00,0.00,45.00,125416679,ppec_paypal,PayPal Checkout
11833,processing,ILS,2022-07-12T12:18:36,2022-07-12T12:18:39,0.00,0.00,48.00,0,ppec_paypal,PayPal
11834,processing,ILS,2022-07-12T12:43:33,2022-07-12T12:43:35,0.00,0.00,76.00,125416701,ppec_paypal,PayPal Checkout
11835,processing,ILS,2022-07-12T13:39:34,2022-07-12T13:39:39,0.00,0.00,17.00,0,ppec_paypal,PayPal
11836,processing,ILS,2022-07-13T08:12:09,2022-07-13T08:12:12,0.00,0.00,55.00,0,ppec_paypal,PayPal
11837,completed,ILS,2022-07-13T08:39:47,2022-07-13T08:39:50,0.00,0.00,11.00,0,ppec_paypal,PayPal
11838,completed,ILS,2022-07-13T09:31:19,2022-07-13T09:31:21,0.00,0.00,45.00,0,ppec_paypal,PayPal
11839,processing,ILS,2022-07-13T10:16:34,2022-07-13T10:16:37,0.00,0.00,62.00,0,ppec_paypal,PayPal
11840,processing,ILS,2022-07-13T10:22:18,2022-07-13T10:22:21,0.00,0.00,55.00,125416702,ppec_paypal,PayPal
11847,completed,ILS,2022-07-14T08:32:25,2022-07-14T08:32:28,0.00,0.00,75.00,0,ppec_paypal,PayPal
11848,completed,ILS,2022-07-14T10:41:26,2022-07-14T10:41:29,0.00,0.00,11.00,125416703,ppec_paypal,PayPal
11850,processing,ILS,2022-07-16T15:37:43,2022-07-16T15:37:46,0.00,0.00,65.00,0,ppec_paypal,PayPal
11851,completed,ILS,2022-07-17T08:50:47,2022-07-17T08:50:50,0.00,0.00,45.00,0,ppec_paypal,PayPal
11852,processing,ILS,2022-07-17T10:55:13,2022-07-17T10:55:16,0.00,0.00,55.00,0,ppec_paypal,PayPal
11853,processing,ILS,2022-07-17T19:54:42,2022-07-17T19:54:45,0.00,0.00,62.00,0,ppec_paypal,PayPal
11854,processing,ILS,2022-07-17T22:10:57,2022-07-17T22:10:59,0.00,0.00,62.00,0,ppec_paypal,PayPal Checkout
11855,processing,ILS,2022-07-18T09:18:41,2022-07-18T09:18:44,0.00,0.00,25.00,0,ppec_paypal,PayPal
11856,processing,ILS,2022-07-18T10:38:39,2022-07-18T10:38:42,0.00,0.00,35.00,0,ppec_paypal,PayPal
11857,processing,ILS,2022-07-18T11:10:24,2022-07-18T11:10:27,0.00,0.00,62.00,0,ppec_paypal,PayPal
11858,processing,ILS,2022-07-18T11:25:56,2022-07-18T11:25:59,0.00,0.00,65.00,0,ppec_paypal,PayPal Checkout
11859,processing,ILS,2022-07-18T11:35:18,2022-07-18T11:35:20,0.00,0.00,62.00,125416558,ppec_paypal,PayPal
11861,processing,ILS,2022-07-18T16:03:11,2022-07-18T16:03:14,0.00,0.00,103.00,0,ppec_paypal,PayPal Checkout
11862,processing,ILS,2022-07-19T07:57:55,2022-07-19T07:57:58,0.00,0.00,35.00,0,ppec_paypal,PayPal Checkout
11864,processing,ILS,2022-07-20T08:25:23,2022-07-20T08:25:26,0.00,0.00,23.00,0,ppec_paypal,PayPal
11873,completed,ILS,2022-07-20T23:17:16,2022-07-20T23:17:19,0.00,0.00,45.00,125416366,ppec_paypal,PayPal
11874,processing,ILS,2022-07-22T12:10:26,2022-07-22T12:10:29,0.00,0.00,28.00,0,ppec_paypal,PayPal
11875,processing,ILS,2022-07-22T13:28:48,2022-07-22T13:28:51,0.00,0.00,48.00,125416529,ppec_paypal,PayPal
11876,completed,ILS,2022-07-22T18:54:29,2022-07-22T18:54:31,0.00,0.00,120.00,0,ppec_paypal,PayPal
11877,processing,ILS,2022-07-23T16:32:47,2022-07-23T16:32:49,0.00,0.00,65.00,0,ppec_paypal,PayPal
11878,processing,ILS,2022-07-23T20:28:43,2022-07-23T20:28:47,0.00,0.00,48.00,0,ppec_paypal,PayPal
11879,completed,ILS,2022-07-24T08:17:37,2022-07-24T08:17:40,0.00,0.00,35.00,0,ppec_paypal,PayPal
11881,processing,ILS,2022-07-24T22:15:08,2022-07-24T22:15:10,0.00,0.00,77.00,0,ppec_paypal,PayPal Checkout
11885,processing,ILS,2022-07-26T12:35:14,2022-07-26T12:35:17,0.00,0.00,65.00,125416705,ppec_paypal,PayPal
11890,completed,ILS,2022-07-27T07:39:45,2022-07-27T07:39:48,0.00,0.00,45.00,0,ppec_paypal,PayPal
11891,processing,ILS,2022-07-27T11:30:13,2022-07-27T11:30:16,0.00,0.00,48.00,125416706,ppec_paypal,PayPal
11892,processing,ILS,2022-07-28T22:21:24,2022-07-28T22:21:27,0.00,0.00,40.00,0,ppec_paypal,PayPal Checkout
11896,processing,ILS,2022-07-31T13:32:55,2022-07-31T13:32:58,0.00,0.00,15.00,0,ppec_paypal,PayPal
11898,processing,ILS,2022-07-31T16:22:58,2022-07-31T16:23:01,0.00,0.00,55.00,0,ppec_paypal,PayPal
11902,completed,ILS,2022-08-01T11:01:40,2022-08-01T11:01:43,0.00,0.00,65.00,0,ppec_paypal,PayPal Checkout
11929,processing,ILS,2022-08-01T11:18:17,2022-08-01T11:18:20,0.00,0.00,40.00,0,ppec_paypal,PayPal
11937,processing,ILS,2022-08-01T11:36:51,2022-08-01T11:36:54,0.00,0.00,55.00,0,ppec_paypal,PayPal Checkout
11938,processing,ILS,2022-08-01T12:36:55,2022-08-01T12:36:58,0.00,0.00,83.00,0,ppec_paypal,PayPal
11940,processing,ILS,2022-08-01T23:12:55,2022-08-01T23:12:58,0.00,0.00,48.00,0,ppec_paypal,PayPal
11941,completed,ILS,2022-08-02T00:24:39,2022-08-02T00:24:43,0.00,0.00,35.00,0,ppec_paypal,PayPal Checkout
11943,processing,ILS,2022-08-02T12:45:33,2022-08-02T12:45:36,0.00,0.00,40.00,125416563,ppec_paypal,PayPal
11944,processing,ILS,2022-08-02T16:51:47,2022-08-02T16:51:50,0.00,0.00,55.00,0,ppec_paypal,PayPal
11945,completed,ILS,2022-08-02T16:54:01,2022-08-02T16:54:04,0.00,0.00,45.00,0,ppec_paypal,PayPal Checkout
11946,processing,ILS,2022-08-02T17:29:54,2022-08-06T10:18:47,0.00,0.00,45.00,0,ppec_paypal,PayPal
11947,processing,ILS,2022-08-02T21:15:43,2022-08-02T21:15:46,0.00,0.00,35.00,125416552,ppec_paypal,PayPal
11948,processing,ILS,2022-08-03T11:47:13,2022-08-03T11:47:16,0.00,0.00,18.00,0,ppec_paypal,PayPal Checkout
11950,processing,ILS,2022-08-03T13:16:44,2022-08-03T13:16:46,0.00,0.00,62.00,125416464,ppec_paypal,PayPal
11951,processing,ILS,2022-08-03T13:57:14,2022-08-03T13:57:17,0.00,0.00,55.00,125416712,ppec_paypal,PayPal
11952,completed,ILS,2022-08-03T20:58:25,2022-08-03T20:58:28,0.00,0.00,35.00,0,ppec_paypal,PayPal Checkout
11957,processing,ILS,2022-08-04T12:08:51,2022-08-04T12:08:54,0.00,0.00,128.00,0,ppec_paypal,PayPal
11958,pending,ILS,2022-08-05T01:12:46,2022-08-05T01:12:46,0.00,0.00,11.00,0,ppec_paypal,PayPal
11959,completed,ILS,2022-08-05T03:06:12,2022-08-05T03:06:15,0.00,0.00,50.00,125416713,ppec_paypal,PayPal
11960,processing,ILS,2022-08-05T07:12:33,2022-08-05T07:12:36,0.00,0.00,48.00,0,ppec_paypal,PayPal
11961,processing,ILS,2022-08-05T12:10:51,2022-08-05T12:10:54,0.00,0.00,65.00,0,ppec_paypal,PayPal
11976,completed,ILS,2022-08-06T11:24:43,2022-08-06T11:24:45,0.00,0.00,75.00,0,ppec_paypal,PayPal Checkout
11977,processing,ILS,2022-08-06T19:01:42,2022-08-06T19:01:46,0.00,0.00,18.00,125416346,ppec_paypal,PayPal
11978,processing,ILS,2022-08-07T10:14:28,2022-08-07T10:14:31,0.00,0.00,73.00,125416564,ppec_paypal,PayPal
11979,processing,ILS,2022-08-07T11:10:52,2022-08-07T11:10:55,0.00,0.00,28.00,0,ppec_paypal,PayPal
11980,completed,ILS,2022-08-07T17:25:21,2022-08-07T17:25:24,0.00,0.00,35.00,0,ppec_paypal,PayPal Checkout
11981,completed,ILS,2022-08-07T18:07:40,2022-08-07T18:07:43,0.00,0.00,75.00,125416714,ppec_paypal,PayPal
11982,processing,ILS,2022-08-07T21:51:54,2022-08-07T21:51:58,0.00,0.00,17.00,0,ppec_paypal,PayPal Checkout
11984,processing,ILS,2022-08-08T10:08:25,2022-08-08T10:08:28,0.00,0.00,55.00,125416715,ppec_paypal,PayPal
11985,processing,ILS,2022-08-08T10:14:14,2022-08-08T10:14:17,0.00,0.00,32.00,0,ppec_paypal,PayPal
11986,processing,ILS,2022-08-08T10:19:43,2022-08-08T10:19:46,0.00,0.00,20.00,0,ppec_paypal,PayPal
11987,processing,ILS,2022-08-08T10:28:37,2022-08-08T10:28:40,0.00,0.00,40.00,0,ppec_paypal,PayPal
11988,completed,ILS,2022-08-08T11:42:49,2022-08-08T11:42:52,0.00,0.00,17.00,0,ppec_paypal,PayPal Checkout
11992,processing,ILS,2022-08-08T15:24:02,2022-08-08T15:24:05,0.00,0.00,62.00,0,ppec_paypal,PayPal Checkout
11993,processing,ILS,2022-08-08T15:26:13,2022-08-08T15:26:15,0.00,0.00,45.00,125416167,ppec_paypal,PayPal Checkout
12029,completed,ILS,2022-08-09T13:42:43,2022-08-09T13:42:46,0.00,0.00,45.00,0,ppec_paypal,PayPal Checkout
12030,processing,ILS,2022-08-09T15:39:12,2022-08-09T15:39:15,0.00,0.00,35.00,0,ppec_paypal,PayPal
12036,processing,ILS,2022-08-09T21:18:33,2022-08-09T21:18:36,0.00,0.00,55.00,0,ppec_paypal,PayPal
12038,processing,ILS,2022-08-10T23:08:11,2022-08-10T23:08:14,0.00,0.00,23.00,0,ppec_paypal,PayPal Checkout
12040,processing,ILS,2022-08-11T08:37:57,2022-08-11T08:38:00,0.00,0.00,35.00,125416592,ppec_paypal,PayPal
12041,processing,ILS,2022-08-11T09:57:26,2022-08-11T09:57:29,0.00,0.00,48.00,125416716,ppec_paypal,PayPal
12042,completed,ILS,2022-08-11T21:07:14,2022-08-11T21:07:17,0.00,0.00,35.00,0,ppec_paypal,PayPal Checkout
12044,processing,ILS,2022-08-12T10:31:43,2022-08-12T10:31:46,0.00,0.00,55.00,0,ppec_paypal,PayPal Checkout
12045,processing,ILS,2022-08-12T18:00:39,2022-08-12T18:00:42,0.00,0.00,62.00,0,ppec_paypal,PayPal
12046,completed,ILS,2022-08-12T23:52:53,2022-08-12T23:52:55,0.00,0.00,54.00,125416717,ppec_paypal,PayPal
12047,processing,ILS,2022-08-13T06:26:24,2022-08-13T06:26:27,0.00,0.00,55.00,0,ppec_paypal,PayPal
12048,processing,ILS,2022-08-13T06:34:13,2022-08-13T06:34:17,0.00,0.00,62.00,0,ppec_paypal,PayPal
12051,completed,ILS,2022-08-13T20:30:19,2022-08-13T20:30:22,0.00,0.00,75.00,125416646,ppec_paypal,PayPal
12052,processing,ILS,2022-08-13T21:28:53,2022-08-13T21:28:56,0.00,0.00,45.00,0,ppec_paypal,PayPal
12055,processing,ILS,2022-08-14T08:10:45,2022-08-14T08:10:48,0.00,0.00,55.00,0,ppec_paypal,PayPal Checkout
12056,processing,ILS,2022-08-14T08:29:05,2022-08-14T08:29:07,0.00,0.00,55.00,0,ppec_paypal,PayPal Checkout
12057,processing,ILS,2022-08-14T12:07:49,2022-08-14T12:07:52,0.00,0.00,35.00,125416718,ppec_paypal,PayPal
12059,processing,ILS,2022-08-14T23:22:45,2022-08-14T23:22:48,0.00,0.00,17.00,0,ppec_paypal,PayPal
12060,processing,ILS,2022-08-15T17:18:05,2022-08-15T17:18:08,0.00,0.00,18.00,0,ppec_paypal,PayPal
12061,processing,ILS,2022-08-15T17:49:15,2022-08-15T17:49:17,0.00,0.00,15.00,0,ppec_paypal,PayPal Checkout
12062,processing,ILS,2022-08-15T18:23:27,2022-08-15T18:23:30,0.00,0.00,62.00,0,ppec_paypal,PayPal Checkout
12063,processing,ILS,2022-08-15T20:33:37,2022-08-15T20:33:40,0.00,0.00,68.00,125416719,ppec_paypal,PayPal
12064,processing,ILS,2022-08-16T08:22:54,2022-08-16T08:22:57,0.00,0.00,62.00,0,ppec_paypal,PayPal
12065,processing,ILS,2022-08-16T11:45:56,2022-08-16T11:45:59,0.00,0.00,62.00,0,ppec_paypal,PayPal
12066,processing,ILS,2022-08-16T12:23:54,2022-08-16T12:23:57,0.00,0.00,59.00,0,ppec_paypal,PayPal
12070,completed,ILS,2022-08-17T12:33:57,2022-08-17T12:34:00,0.00,0.00,75.00,0,ppec_paypal,PayPal
12071,processing,ILS,2022-08-17T18:49:51,2022-08-17T18:49:54,0.00,0.00,103.00,0,ppec_paypal,PayPal
12076,completed,ILS,2022-08-17T20:52:35,2022-08-17T20:52:37,0.00,0.00,35.00,0,ppec_paypal,PayPal Checkout
12115,processing,ILS,2022-08-18T10:26:57,2022-08-18T10:26:59,0.00,0.00,62.00,0,ppec_paypal,PayPal Checkout
12116,processing,ILS,2022-08-18T11:07:31,2022-08-18T11:07:33,0.00,0.00,45.00,0,ppec_paypal,PayPal Checkout
12117,processing,ILS,2022-08-18T11:36:34,2022-08-18T11:36:37,0.00,0.00,45.00,0,ppec_paypal,PayPal
12118,processing,ILS,2022-08-18T14:21:58,2022-08-18T14:22:01,0.00,0.00,45.00,0,ppec_paypal,PayPal
12119,processing,ILS,2022-08-18T15:46:35,2022-08-18T15:46:38,0.00,0.00,45.00,0,ppec_paypal,PayPal Checkout
12120,processing,ILS,2022-08-18T21:28:21,2022-08-18T21:28:24,0.00,0.00,45.00,0,ppec_paypal,PayPal
12122,processing,ILS,2022-08-18T23:44:01,2022-08-18T23:44:04,0.00,0.00,45.00,0,ppec_paypal,PayPal
12123,processing,ILS,2022-08-19T12:04:22,2022-08-19T12:04:25,0.00,0.00,45.00,0,ppec_paypal,PayPal
12124,processing,ILS,2022-08-19T13:17:00,2022-08-19T13:17:03,0.00,0.00,55.00,0,ppec_paypal,PayPal
12125,processing,ILS,2022-08-19T16:14:35,2022-08-19T16:14:38,0.00,0.00,45.00,0,ppec_paypal,PayPal Checkout
12127,processing,ILS,2022-08-20T12:54:02,2022-08-20T12:54:05,0.00,0.00,45.00,125416724,ppec_paypal,PayPal
12128,completed,ILS,2022-08-20T14:44:16,2022-08-20T14:44:19,0.00,0.00,75.00,0,ppec_paypal,PayPal
12129,processing,ILS,2022-08-20T15:46:35,2022-08-20T15:46:37,0.00,0.00,83.00,125416725,ppec_paypal,PayPal Checkout
12130,completed,ILS,2022-08-20T17:30:48,2022-08-20T17:30:51,0.00,0.00,45.00,0,ppec_paypal,PayPal
12132,processing,ILS,2022-08-21T00:05:57,2022-08-21T00:05:59,0.00,0.00,45.00,125416425,ppec_paypal,PayPal Checkout
12133,processing,ILS,2022-08-21T08:20:40,2022-08-21T08:20:43,0.00,0.00,45.00,125416726,ppec_paypal,PayPal
12134,processing,ILS,2022-08-21T10:41:46,2022-08-21T10:41:49,0.00,0.00,55.00,125416727,ppec_paypal,PayPal Checkout
12135,processing,ILS,2022-08-21T15:06:50,2022-08-21T15:06:53,0.00,0.00,40.00,0,ppec_paypal,PayPal
12136,processing,ILS,2022-08-21T17:37:43,2022-08-21T17:37:46,0.00,0.00,62.00,125416728,ppec_paypal,PayPal
12137,processing,ILS,2022-08-21T17:59:46,2022-08-21T17:59:48,0.00,0.00,45.00,0,ppec_paypal,PayPal Checkout
12139,processing,ILS,2022-08-21T21:05:51,2022-08-21T21:05:54,0.00,0.00,45.00,0,ppec_paypal,PayPal Checkout
12142,processing,ILS,2022-08-22T16:17:54,2022-08-22T16:20:35,0.00,0.00,65.00,0,ppec_paypal,PayPal Checkout
12143,processing,ILS,2022-08-22T16:57:44,2022-08-22T16:57:47,0.00,0.00,40.00,125416730,ppec_paypal,PayPal
12144,processing,ILS,2022-08-22T18:36:22,2022-08-22T18:36:25,0.00,0.00,45.00,0,ppec_paypal,PayPal Checkout
12145,processing,ILS,2022-08-23T00:25:37,2022-08-23T00:25:40,0.00,0.00,35.00,0,ppec_paypal,PayPal
12146,processing,ILS,2022-08-23T09:51:27,2022-08-23T09:51:30,0.00,0.00,62.00,125416731,ppec_paypal,PayPal
12148,completed,ILS,2022-08-23T10:09:30,2022-08-23T10:09:33,0.00,0.00,45.00,0,ppec_paypal,PayPal
12149,processing,ILS,2022-08-23T10:18:15,2022-08-23T10:18:18,0.00,0.00,55.00,125416222,ppec_paypal,PayPal
12150,completed,ILS,2022-08-23T12:20:34,2022-08-23T12:20:37,0.00,0.00,45.00,125416732,ppec_paypal,PayPal
12152,refunded,ILS,2022-08-23T12:32:07,2022-09-03T12:17:17,0.00,0.00,40.00,125416733,ppec_paypal,PayPal
12154,processing,ILS,2022-08-23T18:56:25,2022-08-23T18:56:28,0.00,0.00,45.00,125416734,ppec_paypal,PayPal
12155,processing,ILS,2022-08-23T19:10:16,2022-08-23T19:10:19,0.00,0.00,55.00,0,ppec_paypal,PayPal Checkout
12156,processing,ILS,2022-08-23T23:30:04,2022-08-23T23:30:07,0.00,0.00,55.00,0,ppec_paypal,PayPal Checkout
12163,completed,ILS,2022-08-24T14:55:01,2022-08-24T14:55:04,0.00,0.00,75.00,0,ppec_paypal,PayPal
12168,processing,ILS,2022-08-25T12:51:36,2022-08-25T12:51:39,0.00,0.00,55.00,0,ppec_paypal,PayPal
12169,processing,ILS,2022-08-25T14:17:36,2022-08-25T14:17:39,0.00,0.00,55.00,0,ppec_paypal,PayPal Checkout
12172,processing,ILS,2022-08-25T20:24:13,2022-08-25T20:24:15,0.00,0.00,100.00,0,ppec_paypal,PayPal Checkout
12174,processing,ILS,2022-08-25T23:09:23,2022-08-25T23:09:25,0.00,0.00,55.00,0,ppec_paypal,PayPal Checkout
12175,processing,ILS,2022-08-26T07:28:19,2022-08-26T07:28:22,0.00,0.00,55.00,125416737,ppec_paypal,PayPal
12176,processing,ILS,2022-08-26T12:20:23,2022-08-26T12:20:26,0.00,0.00,55.00,0,ppec_paypal,PayPal Checkout
12178,processing,ILS,2022-08-28T11:51:07,2022-08-28T11:51:09,0.00,0.00,48.00,0,ppec_paypal,PayPal Checkout
12179,processing,ILS,2022-08-28T14:22:32,2022-08-28T14:22:34,0.00,0.00,35.00,0,ppec_paypal,PayPal
12180,refunded,ILS,2022-08-28T15:09:59,2022-09-03T12:22:09,0.00,0.00,62.00,0,ppec_paypal,PayPal
12181,completed,ILS,2022-08-28T21:47:36,2022-08-28T21:47:39,0.00,0.00,20.00,125416738,ppec_paypal,PayPal Checkout
12182,refunded,ILS,2022-08-28T22:56:02,2022-09-03T19:49:43,0.00,0.00,62.00,125416739,ppec_paypal,PayPal Checkout
12183,processing,ILS,2022-08-28T23:26:21,2022-08-28T23:26:23,0.00,0.00,55.00,125416739,ppec_paypal,PayPal Checkout
12184,processing,ILS,2022-08-29T08:25:05,2022-08-29T08:25:09,0.00,0.00,62.00,125416740,ppec_paypal,PayPal
12189,processing,ILS,2022-08-29T09:24:28,2022-08-29T09:24:32,0.00,0.00,48.00,0,ppec_paypal,PayPal
12190,processing,ILS,2022-08-29T10:23:24,2022-08-29T10:23:27,0.00,0.00,40.00,125416741,ppec_paypal,PayPal
12192,processing,ILS,2022-08-29T20:14:16,2022-08-29T20:14:19,0.00,0.00,48.00,0,ppec_paypal,PayPal
12194,processing,ILS,2022-08-30T12:32:24,2022-08-30T12:32:27,0.00,0.00,48.00,0,ppec_paypal,PayPal
12195,completed,ILS,2022-08-30T14:14:08,2022-08-30T14:14:11,0.00,0.00,45.00,125416742,ppec_paypal,PayPal
12196,processing,ILS,2022-08-30T19:49:47,2022-08-30T19:49:50,0.00,0.00,35.00,125416743,ppec_paypal,PayPal Checkout
12197,processing,ILS,2022-08-30T23:16:35,2022-08-30T23:16:38,0.00,0.00,48.00,125416744,ppec_paypal,PayPal
12198,completed,ILS,2022-08-31T10:41:13,2022-08-31T10:41:16,0.00,0.00,35.00,0,ppec_paypal,PayPal Checkout
12199,processing,ILS,2022-08-31T11:40:08,2022-08-31T11:40:11,0.00,0.00,35.00,0,ppec_paypal,PayPal
12204,processing,ILS,2022-08-31T22:34:20,2022-08-31T22:34:23,0.00,0.00,48.00,0,ppec_paypal,PayPal Checkout
12214,processing,ILS,2022-09-02T22:24:50,2022-09-02T22:24:53,0.00,0.00,28.00,0,ppec_paypal,PayPal Checkout
12215,processing,ILS,2022-09-02T22:28:33,2022-09-02T22:28:36,0.00,0.00,28.00,125416751,ppec_paypal,PayPal Checkout
12224,processing,ILS,2022-09-03T20:09:33,2022-09-03T20:09:36,0.00,0.00,40.00,0,ppec_paypal,PayPal
12225,processing,ILS,2022-09-03T20:48:18,2022-09-03T20:48:20,0.00,0.00,28.00,0,ppec_paypal,PayPal
12227,processing,ILS,2022-09-06T00:30:18,2022-09-06T00:30:21,0.00,0.00,28.00,0,ppec_paypal,PayPal Checkout
12228,processing,ILS,2022-09-06T13:57:16,2022-09-06T13:57:19,0.00,0.00,17.00,125416752,ppec_paypal,PayPal
12230,processing,ILS,2022-09-06T18:13:30,2022-09-06T18:13:33,0.00,0.00,73.00,0,ppec_paypal,PayPal
12231,completed,ILS,2022-09-06T20:42:09,2022-09-06T20:42:13,0.00,0.00,75.00,125416753,ppec_paypal,PayPal
12237,processing,ILS,2022-09-07T13:14:51,2022-09-07T13:14:54,0.00,0.00,65.00,125416754,ppec_paypal,PayPal
12238,processing,ILS,2022-09-07T16:54:50,2022-09-07T16:54:53,0.00,0.00,28.00,0,ppec_paypal,PayPal
12239,processing,ILS,2022-09-07T17:23:46,2022-09-07T17:23:49,0.00,0.00,75.00,0,ppec_paypal,PayPal Checkout
12245,processing,ILS,2022-09-10T18:21:24,2023-08-15T20:46:37,0.00,0.00,28.00,0,ppec_paypal,PayPal Checkout
12246,processing,ILS,2022-09-11T13:18:12,2022-09-11T13:18:15,0.00,0.00,48.00,0,ppec_paypal,PayPal
12247,processing,ILS,2022-09-13T18:11:31,2022-09-13T18:11:34,0.00,0.00,89.00,125416757,ppec_paypal,PayPal Checkout
12253,processing,ILS,2022-09-18T22:04:05,2022-09-18T22:04:08,0.00,0.00,28.00,0,ppec_paypal,PayPal
12255,processing,ILS,2022-09-20T18:19:38,2022-09-20T18:19:41,0.00,0.00,45.00,125416759,ppec_paypal,PayPal
12256,processing,ILS,2022-09-21T00:03:45,2022-09-21T00:03:47,0.00,0.00,28.00,0,ppec_paypal,PayPal Checkout
12266,processing,ILS,2022-09-27T21:46:02,2022-09-27T21:46:05,0.00,0.00,65.00,0,ppec_paypal,PayPal
12277,processing,ILS,2022-10-12T08:58:49,2022-10-12T08:58:52,0.00,0.00,35.00,125416763,ppec_paypal,PayPal
12278,processing,ILS,2022-10-12T08:59:06,2022-10-12T08:59:09,0.00,0.00,18.00,0,ppec_paypal,PayPal
12284,processing,ILS,2022-10-13T15:26:39,2022-10-13T15:26:42,0.00,0.00,20.00,0,ppec_paypal,PayPal
12294,completed,ILS,2022-10-18T21:31:05,2022-10-18T21:31:08,0.00,0.00,150.00,125416760,ppec_paypal,PayPal Checkout
12295,completed,ILS,2022-10-18T21:35:54,2022-10-18T21:35:57,0.00,0.00,75.00,125416760,ppec_paypal,PayPal
12302,completed,ILS,2022-10-20T17:50:30,2022-10-20T17:50:33,0.00,0.00,54.00,0,ppec_paypal,PayPal
12303,processing,ILS,2022-10-23T16:56:12,2022-10-23T16:56:15,0.00,0.00,28.00,0,ppec_paypal,PayPal Checkout
12304,completed,ILS,2022-10-24T10:10:02,2022-10-24T10:10:05,0.00,0.00,75.00,0,ppec_paypal,PayPal
12305,processing,ILS,2022-10-24T19:05:41,2022-10-24T19:05:44,0.00,0.00,28.00,125416765,ppec_paypal,PayPal
12306,processing,ILS,2022-10-25T08:13:10,2022-10-25T08:13:14,0.00,0.00,35.00,0,ppec_paypal,PayPal
12316,processing,ILS,2022-10-29T14:31:58,2022-10-29T14:32:01,0.00,0.00,17.00,0,ppec_paypal,PayPal
12317,processing,ILS,2022-10-31T06:21:16,2022-10-31T06:21:19,0.00,0.00,28.00,0,ppec_paypal,PayPal
12322,processing,ILS,2022-11-05T08:41:45,2022-11-05T08:41:48,0.00,0.00,28.00,125416767,ppec_paypal,PayPal Checkout
12323,completed,ILS,2022-11-06T00:13:30,2024-09-26T12:15:04,0.00,0.00,17.00,125416729,ppec_paypal,PayPal
12324,completed,ILS,2022-11-07T04:46:57,2024-09-26T12:15:05,0.00,0.00,18.00,125416729,ppec_paypal,PayPal
12325,completed,ILS,2022-11-08T18:49:53,2024-09-26T12:15:06,0.00,0.00,20.00,0,ppec_paypal,PayPal Checkout
12326,completed,ILS,2022-11-08T21:15:28,2024-09-26T12:15:07,0.00,0.00,55.00,125416768,ppec_paypal,PayPal
12327,completed,ILS,2022-11-10T09:35:18,2022-11-10T09:35:23,0.00,0.00,54.00,0,ppec_paypal,PayPal
12333,refunded,ILS,2022-11-12T18:54:37,2022-11-12T19:21:41,0.00,0.00,75.00,125416671,ppec_paypal,PayPal
12335,completed,ILS,2022-11-13T13:54:58,2024-09-26T12:15:09,0.00,0.00,35.00,0,ppec_paypal,PayPal
12336,completed,ILS,2022-11-13T14:38:54,2024-09-26T12:15:10,0.00,0.00,20.00,0,ppec_paypal,PayPal
12343,completed,ILS,2022-11-17T09:26:48,2024-09-26T12:15:11,0.00,0.00,20.00,0,ppec_paypal,PayPal Checkout
12344,completed,ILS,2022-11-17T09:35:08,2024-09-26T12:15:12,0.00,0.00,18.00,0,ppec_paypal,PayPal Checkout
12345,completed,ILS,2022-11-17T09:35:14,2026-07-17T18:16:56,0.00,0.00,20.00,125416684,ppec_paypal,PayPal
12346,completed,ILS,2022-11-17T19:09:01,2022-11-17T19:09:04,0.00,0.00,75.00,125416423,ppec_paypal,PayPal
12347,completed,ILS,2022-11-20T17:02:24,2022-11-20T17:02:27,0.00,0.00,17.00,0,ppec_paypal,PayPal
12348,completed,ILS,2022-11-22T13:05:03,2024-09-26T12:15:15,0.00,0.00,18.00,125416771,ppec_paypal,PayPal
12349,completed,ILS,2022-11-22T22:51:46,2024-09-26T12:15:16,0.00,0.00,101.00,0,ppec_paypal,PayPal
12350,completed,ILS,2022-11-26T12:23:41,2022-11-26T12:23:44,0.00,0.00,75.00,0,ppec_paypal,PayPal
12351,completed,ILS,2022-11-27T21:45:36,2024-09-26T12:15:18,0.00,0.00,20.00,0,ppec_paypal,PayPal
12352,completed,ILS,2022-11-29T00:00:07,2024-09-26T12:15:20,0.00,0.00,20.00,0,ppec_paypal,PayPal
12357,completed,ILS,2022-12-01T06:36:22,2024-09-26T12:15:23,0.00,0.00,18.00,0,ppec_paypal,PayPal
12358,completed,ILS,2022-12-01T09:58:43,2022-12-01T09:58:47,0.00,0.00,75.00,0,ppec_paypal,PayPal
12359,completed,ILS,2022-12-01T21:26:01,2024-09-26T12:15:24,0.00,0.00,20.00,125416773,ppec_paypal,PayPal
12360,completed,ILS,2022-12-04T12:50:43,2024-09-26T12:15:27,0.00,0.00,48.00,0,ppec_paypal,PayPal
12361,completed,ILS,2022-12-05T14:35:24,2022-12-05T14:35:27,0.00,0.00,50.00,0,ppec_paypal,PayPal Checkout
12362,completed,ILS,2022-12-05T18:25:33,2024-09-26T12:15:29,0.00,0.00,20.00,0,ppec_paypal,PayPal
12363,completed,ILS,2022-12-06T12:46:24,2024-09-26T12:15:31,0.00,0.00,20.00,125416774,ppec_paypal,PayPal
12364,completed,ILS,2022-12-06T14:27:37,2024-09-26T12:15:33,0.00,0.00,28.00,0,ppec_paypal,PayPal
12369,completed,ILS,2022-12-08T12:16:47,2024-09-26T12:15:35,0.00,0.00,28.00,125416775,ppec_paypal,PayPal
12370,completed,ILS,2022-12-10T11:07:36,2024-09-26T12:15:37,0.00,0.00,20.00,0,ppec_paypal,PayPal
12371,pending,ILS,2022-12-10T22:02:09,2022-12-10T22:02:09,0.00,0.00,20.00,0,ppec_paypal,PayPal
12372,completed,ILS,2022-12-12T11:04:49,2024-09-26T12:15:38,0.00,0.00,20.00,125416529,ppec_paypal,PayPal
12373,completed,ILS,2022-12-13T09:04:55,2024-09-26T12:15:39,0.00,0.00,20.00,0,ppec_paypal,PayPal
12380,completed,ILS,2022-12-14T22:30:02,2024-09-26T12:15:41,0.00,0.00,20.00,0,ppec_paypal,PayPal Checkout
12381,completed,ILS,2022-12-16T06:46:08,2024-09-26T12:15:42,0.00,0.00,20.00,0,ppec_paypal,PayPal Checkout
12382,completed,ILS,2022-12-17T17:47:13,2024-09-26T12:15:43,0.00,0.00,17.00,0,ppec_paypal,PayPal Checkout
12383,completed,ILS,2022-12-19T13:10:32,2024-09-26T12:15:44,0.00,0.00,20.00,0,ppec_paypal,PayPal
12389,completed,ILS,2022-12-26T18:26:03,2022-12-26T18:26:06,0.00,0.00,17.00,0,ppec_paypal,PayPal
12390,completed,ILS,2022-12-27T19:27:52,2024-09-26T12:15:45,0.00,0.00,18.00,0,ppec_paypal,PayPal
12391,completed,ILS,2022-12-27T21:09:12,2024-09-26T12:15:46,0.00,0.00,28.00,0,ppec_paypal,PayPal Checkout
12392,completed,ILS,2022-12-28T10:26:55,2026-07-17T18:18:02,0.00,0.00,46.00,125416684,ppec_paypal,PayPal
12397,completed,ILS,2022-12-29T00:03:15,2022-12-29T00:03:18,0.00,0.00,75.00,0,ppec_paypal,PayPal
12406,completed,ILS,2022-12-31T09:28:56,2024-09-26T12:08:38,0.00,0.00,18.00,0,ppec_paypal,PayPal
12407,completed,ILS,2023-01-01T20:39:19,2024-09-26T12:08:39,0.00,0.00,35.00,125416777,ppec_paypal,PayPal
12408,completed,ILS,2023-01-02T19:57:02,2024-09-26T12:08:40,0.00,0.00,18.00,125416526,ppec_paypal,PayPal
12409,completed,ILS,2023-01-03T19:34:05,2024-09-26T12:08:42,0.00,0.00,18.00,0,ppec_paypal,PayPal Checkout
12410,completed,ILS,2023-01-04T10:09:23,2023-01-04T10:09:26,0.00,0.00,17.00,0,ppec_paypal,PayPal
12411,completed,ILS,2023-01-04T15:25:23,2024-09-26T12:08:43,0.00,0.00,17.00,0,ppec_paypal,PayPal
12412,completed,ILS,2023-01-04T16:13:40,2024-09-26T12:08:44,0.00,0.00,18.00,125416778,ppec_paypal,PayPal
12425,completed,ILS,2023-01-09T18:43:21,2024-09-26T12:08:45,0.00,0.00,23.00,0,ppec_paypal,PayPal
12426,completed,ILS,2023-01-10T06:40:07,2023-01-10T06:40:11,0.00,0.00,17.00,0,ppec_paypal,PayPal
12427,completed,ILS,2023-01-10T20:35:02,2024-09-26T12:08:47,0.00,0.00,18.00,0,ppec_paypal,PayPal
12428,completed,ILS,2023-01-11T19:54:48,2024-09-26T12:08:48,0.00,0.00,72.00,0,ppec_paypal,PayPal
12437,completed,ILS,2023-01-12T22:03:56,2023-01-12T22:03:59,0.00,0.00,75.00,0,ppec_paypal,PayPal Checkout
12439,completed,ILS,2023-01-14T23:12:21,2024-09-26T12:08:49,0.00,0.00,17.00,0,ppec_paypal,PayPal Checkout
12444,completed,ILS,2023-01-19T18:25:16,2024-09-26T12:08:51,0.00,0.00,96.00,0,ppec_paypal,PayPal
12446,completed,ILS,2023-01-23T07:53:06,2024-09-26T12:08:53,0.00,0.00,17.00,0,ppec_paypal,PayPal Checkout
12447,completed,ILS,2023-01-24T16:31:19,2023-01-24T16:31:22,0.00,0.00,17.00,125416784,ppec_paypal,PayPal
12453,completed,ILS,2023-01-25T09:16:31,2024-09-26T12:08:55,0.00,0.00,28.00,0,ppec_paypal,PayPal
12458,completed,ILS,2023-01-25T23:08:06,2024-09-26T12:08:57,0.00,0.00,65.00,0,ppec_paypal,PayPal
12461,completed,ILS,2023-01-27T13:07:46,2024-09-26T12:09:00,0.00,0.00,28.00,125416787,ppec_paypal,PayPal
12466,completed,ILS,2023-01-29T11:05:40,2023-01-29T11:05:43,0.00,0.00,17.00,0,ppec_paypal,PayPal
12467,completed,ILS,2023-01-29T14:12:00,2024-09-26T12:09:02,0.00,0.00,28.00,0,ppec_paypal,PayPal Checkout
12474,completed,ILS,2023-02-04T16:16:38,2023-02-04T16:16:41,0.00,0.00,17.00,0,ppec_paypal,PayPal Checkout
12475,completed,ILS,2023-02-04T19:28:40,2023-02-04T19:28:44,0.00,0.00,17.00,0,ppec_paypal,PayPal
12476,completed,ILS,2023-02-04T21:40:22,2024-09-26T12:09:04,0.00,0.00,18.00,0,ppec_paypal,PayPal
12478,completed,ILS,2023-02-07T11:03:21,2023-02-07T11:11:23,0.00,0.00,75.00,125416788,ppec_paypal,PayPal
12479,completed,ILS,2023-02-07T11:42:57,2023-02-07T11:43:00,0.00,0.00,17.00,0,ppec_paypal,PayPal
12484,completed,ILS,2023-02-15T07:58:34,2023-02-15T07:58:37,0.00,0.00,17.00,0,ppec_paypal,PayPal Checkout
12491,completed,ILS,2023-02-21T09:24:06,2024-09-26T12:09:06,0.00,0.00,23.00,0,ppec_paypal,PayPal
12496,completed,ILS,2023-02-21T21:48:42,2024-09-26T12:09:08,0.00,0.00,17.00,0,ppec_paypal,PayPal
12501,completed,ILS,2023-03-06T21:10:46,2024-09-26T12:09:10,0.00,0.00,110.00,125416789,ppec_paypal,PayPal
12506,completed,ILS,2023-03-14T07:38:46,2023-03-14T07:38:48,0.00,0.00,17.00,0,ppec_paypal,PayPal Checkout
12519,completed,ILS,2023-03-18T21:32:22,2023-03-18T21:32:25,0.00,0.00,17.00,0,ppec_paypal,PayPal
12520,completed,ILS,2023-03-18T22:03:57,2023-03-18T22:03:59,0.00,0.00,54.00,0,ppec_paypal,PayPal Checkout
12521,completed,ILS,2023-03-20T10:09:10,2023-03-20T10:09:13,0.00,0.00,51.00,0,ppec_paypal,PayPal
12526,completed,ILS,2023-03-26T11:39:58,2024-09-26T12:09:13,0.00,0.00,28.00,0,ppec_paypal,PayPal
12535,completed,ILS,2023-04-01T14:58:51,2023-04-01T14:58:53,0.00,0.00,17.00,0,ppec_paypal,PayPal Checkout
12536,completed,ILS,2023-04-03T08:35:10,2024-09-26T12:09:14,0.00,0.00,25.00,0,ppec_paypal,PayPal
12553,completed,ILS,2023-04-12T17:13:27,2023-04-12T17:13:30,0.00,0.00,75.00,125416791,ppec_paypal,PayPal
12669,completed,ILS,2023-04-20T21:59:01,2024-09-26T12:09:15,0.00,0.00,28.00,125416793,ppec_paypal,PayPal Checkout
12671,completed,ILS,2023-04-25T23:47:55,2024-09-26T12:09:16,0.00,0.00,40.00,125416794,ppec_paypal,PayPal
12673,completed,ILS,2023-04-26T18:00:43,2024-09-26T12:09:17,0.00,0.00,34.00,0,ppec_paypal,PayPal
12680,completed,ILS,2023-05-01T09:40:47,2023-05-01T09:40:50,0.00,0.00,20.00,0,ppec_paypal,PayPal
12685,completed,ILS,2023-05-05T00:25:10,2024-09-26T12:09:18,0.00,0.00,28.00,0,ppec_paypal,PayPal
12691,completed,ILS,2023-05-10T08:52:39,2024-09-26T12:09:19,0.00,0.00,15.00,0,ppec_paypal,PayPal Checkout
12692,completed,ILS,2023-05-10T19:15:22,2024-09-26T12:09:20,0.00,0.00,28.00,0,ppec_paypal,PayPal
12693,completed,ILS,2023-05-11T10:59:22,2023-05-11T10:59:25,0.00,0.00,17.00,0,ppec_paypal,PayPal
12694,completed,ILS,2023-05-12T19:56:40,2024-09-26T12:09:21,0.00,0.00,17.00,0,ppec_paypal,PayPal Checkout
12696,completed,ILS,2023-05-15T10:07:40,2024-09-26T12:09:22,0.00,0.00,17.00,0,ppec_paypal,PayPal Checkout
12697,completed,ILS,2023-05-15T20:44:57,2024-09-26T12:07:29,0.00,0.00,15.00,0,ppec_paypal,PayPal Checkout
12698,completed,ILS,2023-05-15T20:56:58,2024-09-26T12:07:30,0.00,0.00,107.00,0,ppec_paypal,PayPal
12699,completed,ILS,2023-05-16T09:02:06,2023-05-16T09:02:09,0.00,0.00,17.00,125416796,ppec_paypal,PayPal Checkout
12704,completed,ILS,2023-05-17T09:03:24,2024-09-26T12:07:31,0.00,0.00,32.00,125416377,ppec_paypal,PayPal Checkout
12705,pending,ILS,2023-05-17T14:47:41,2023-05-17T14:47:41,0.00,0.00,32.00,125416797,ppec_paypal,PayPal
12706,completed,ILS,2023-05-17T17:25:15,2024-09-26T12:07:33,0.00,0.00,32.00,0,ppec_paypal,PayPal
12711,completed,ILS,2023-05-18T20:46:50,2024-09-26T12:07:34,0.00,0.00,32.00,0,ppec_paypal,PayPal
12712,completed,ILS,2023-05-19T23:31:45,2024-09-26T12:07:35,0.00,0.00,55.00,0,ppec_paypal,PayPal Checkout
12713,completed,ILS,2023-05-20T23:02:25,2024-09-26T12:07:36,0.00,0.00,15.00,0,ppec_paypal,PayPal
12714,completed,ILS,2023-05-21T11:13:39,2024-09-26T12:07:37,0.00,0.00,30.00,0,ppec_paypal,PayPal Checkout
12715,completed,ILS,2023-05-21T14:26:52,2024-09-26T12:07:38,0.00,0.00,45.00,125416543,ppec_paypal,PayPal
12716,completed,ILS,2023-05-24T07:53:56,2023-05-24T07:53:59,0.00,0.00,54.00,0,ppec_paypal,PayPal Checkout
12717,completed,ILS,2023-05-24T10:21:21,2026-07-17T18:18:12,0.00,0.00,17.00,125416684,ppec_paypal,PayPal Checkout
12722,completed,ILS,2023-05-27T12:20:23,2023-05-27T12:20:25,0.00,0.00,75.00,0,ppec_paypal,PayPal Checkout
12733,completed,ILS,2023-05-31T10:29:32,2023-05-31T10:29:34,0.00,0.00,50.00,0,ppec_paypal,PayPal
12734,completed,ILS,2023-06-01T08:29:08,2024-09-26T12:07:41,0.00,0.00,45.00,0,ppec_paypal,PayPal
12736,completed,ILS,2023-06-07T12:49:29,2023-06-07T12:49:32,0.00,0.00,45.00,0,ppec_paypal,PayPal
12745,completed,ILS,2023-06-08T11:31:15,2023-06-08T11:31:18,0.00,0.00,75.00,0,ppec_paypal,PayPal
12750,completed,ILS,2023-06-11T00:06:17,2023-06-11T00:06:19,0.00,0.00,17.00,0,ppec_paypal,PayPal
12751,completed,ILS,2023-06-12T09:46:13,2024-09-26T12:07:43,0.00,0.00,62.00,0,ppec_paypal,PayPal
12756,completed,ILS,2023-06-14T19:04:43,2023-06-14T19:04:46,0.00,0.00,75.00,0,ppec_paypal,PayPal Checkout
12757,completed,ILS,2023-06-16T09:47:28,2026-07-21T22:59:21,0.00,0.00,55.00,0,ppec_paypal,PayPal
12758,completed,ILS,2023-06-19T17:54:45,2023-06-19T17:54:48,0.00,0.00,75.00,0,ppec_paypal,PayPal Checkout
12763,completed,ILS,2023-06-21T11:11:59,2024-09-26T12:07:47,0.00,0.00,45.00,0,ppec_paypal,PayPal
12764,completed,ILS,2023-06-21T16:41:02,2023-06-21T16:41:05,0.00,0.00,17.00,0,ppec_paypal,PayPal
12765,completed,ILS,2023-06-23T09:45:36,2024-09-26T12:07:50,0.00,0.00,62.00,125416801,ppec_paypal,PayPal
12766,completed,ILS,2023-06-24T10:14:41,2024-09-26T12:07:52,0.00,0.00,45.00,125416802,ppec_paypal,PayPal
12767,completed,ILS,2023-06-24T13:15:53,2024-09-26T12:07:54,0.00,0.00,35.00,0,ppec_paypal,PayPal
12769,completed,ILS,2023-06-25T18:32:57,2024-09-26T12:07:56,0.00,0.00,48.00,0,ppec_paypal,PayPal Checkout
12774,completed,ILS,2023-06-28T10:39:30,2024-09-26T12:07:58,0.00,0.00,45.00,0,ppec_paypal,PayPal Checkout
12775,completed,ILS,2023-06-29T22:26:27,2024-09-26T12:08:00,0.00,0.00,63.00,125416804,ppec_paypal,PayPal
12776,completed,ILS,2023-06-30T00:28:29,2024-09-26T12:08:02,0.00,0.00,45.00,0,ppec_paypal,PayPal Checkout
12778,completed,ILS,2023-07-01T22:26:51,2024-09-26T12:08:03,0.00,0.00,35.00,125416805,ppec_paypal,PayPal
12780,completed,ILS,2023-07-02T10:01:04,2024-09-26T12:08:04,0.00,0.00,55.00,125416806,ppec_paypal,PayPal
12782,completed,ILS,2023-07-02T13:11:29,2023-07-02T13:11:31,0.00,0.00,45.00,0,ppec_paypal,PayPal Checkout
12784,completed,ILS,2023-07-02T14:05:24,2024-09-26T12:08:05,0.00,0.00,55.00,0,ppec_paypal,PayPal Checkout
12785,completed,ILS,2023-07-02T14:21:36,2024-09-26T12:08:06,0.00,0.00,53.00,0,ppec_paypal,PayPal
12788,completed,ILS,2023-07-04T09:44:15,2024-09-26T12:08:07,0.00,0.00,40.00,0,ppec_paypal,PayPal
12789,completed,ILS,2023-07-04T18:09:41,2024-09-26T12:08:08,0.00,0.00,45.00,125416808,ppec_paypal,PayPal
12790,completed,ILS,2023-07-04T18:15:56,2024-09-26T12:08:10,0.00,0.00,83.00,125416679,ppec_paypal,PayPal
12791,completed,ILS,2023-07-05T09:40:34,2023-07-05T09:40:37,0.00,0.00,45.00,125416699,ppec_paypal,PayPal
12792,completed,ILS,2023-07-05T11:42:01,2023-07-05T11:42:04,0.00,0.00,17.00,125416809,ppec_paypal,PayPal
12793,completed,ILS,2023-07-05T13:22:23,2024-09-26T12:08:11,0.00,0.00,65.00,0,ppec_paypal,PayPal
12804,completed,ILS,2023-07-07T11:04:09,2024-09-26T12:08:12,0.00,0.00,52.00,0,ppec_paypal,PayPal
12805,completed,ILS,2023-07-07T14:59:01,2024-09-26T12:02:58,0.00,0.00,48.00,0,ppec_paypal,PayPal
12806,completed,ILS,2023-07-07T17:23:51,2024-09-26T12:02:59,0.00,0.00,55.00,0,ppec_paypal,PayPal
12807,completed,ILS,2023-07-07T17:47:06,2023-07-07T17:47:09,0.00,0.00,17.00,0,ppec_paypal,PayPal
12808,completed,ILS,2023-07-08T23:49:57,2024-09-26T12:03:00,0.00,0.00,76.00,0,ppec_paypal,PayPal
12810,completed,ILS,2023-07-09T21:39:57,2024-09-26T12:03:01,0.00,0.00,45.00,125416723,ppec_paypal,PayPal
12811,completed,ILS,2023-07-09T22:52:25,2023-07-09T22:52:27,0.00,0.00,17.00,0,ppec_paypal,PayPal Checkout
12812,completed,ILS,2023-07-09T23:15:51,2023-07-09T23:15:53,0.00,0.00,75.00,0,ppec_paypal,PayPal
12814,completed,ILS,2023-07-10T09:21:40,2024-09-26T12:03:02,0.00,0.00,93.00,125416358,ppec_paypal,PayPal
12815,completed,ILS,2023-07-10T09:33:05,2024-09-26T12:03:03,0.00,0.00,35.00,0,ppec_paypal,PayPal
12816,completed,ILS,2023-07-10T14:17:31,2024-09-26T12:03:04,0.00,0.00,62.00,0,ppec_paypal,PayPal
12817,completed,ILS,2023-07-10T22:57:24,2023-07-10T22:57:26,0.00,0.00,54.00,0,ppec_paypal,PayPal Checkout
12818,completed,ILS,2023-07-10T23:05:26,2024-09-26T12:03:06,0.00,0.00,190.00,125416812,ppec_paypal,PayPal
12819,completed,ILS,2023-07-11T08:03:00,2024-09-26T12:03:07,0.00,0.00,40.00,125416544,ppec_paypal,PayPal Checkout
12821,completed,ILS,2023-07-11T12:11:27,2024-09-26T12:03:08,0.00,0.00,45.00,125416250,ppec_paypal,PayPal
12829,completed,ILS,2023-07-16T09:44:07,2024-09-26T12:03:09,0.00,0.00,35.00,0,ppec_paypal,PayPal
12830,completed,ILS,2023-07-16T23:26:03,2024-09-26T12:03:11,0.00,0.00,80.00,125416360,ppec_paypal,PayPal
12832,completed,ILS,2023-07-17T10:55:01,2024-09-26T12:03:13,0.00,0.00,55.00,0,ppec_paypal,PayPal
12833,completed,ILS,2023-07-17T13:40:05,2024-09-26T12:03:15,0.00,0.00,55.00,0,ppec_paypal,PayPal
12834,completed,ILS,2023-07-17T14:14:56,2023-07-17T14:14:58,0.00,0.00,45.00,125416562,ppec_paypal,PayPal
12835,completed,ILS,2023-07-17T14:49:16,2024-09-26T12:03:18,0.00,0.00,40.00,0,ppec_paypal,PayPal
12862,completed,ILS,2023-07-17T21:07:43,2024-09-26T12:03:19,0.00,0.00,45.00,125416749,ppec_paypal,PayPal
12863,completed,ILS,2023-07-17T23:05:31,2024-09-26T12:03:22,0.00,0.00,65.00,0,ppec_paypal,PayPal
12864,completed,ILS,2023-07-18T09:58:57,2024-09-26T12:03:24,0.00,0.00,45.00,0,ppec_paypal,PayPal Checkout
12867,completed,ILS,2023-07-19T09:29:22,2024-09-26T12:03:26,0.00,0.00,40.00,0,ppec_paypal,PayPal Checkout
12869,pending,ILS,2023-07-19T09:51:59,2023-07-19T09:51:59,0.00,0.00,65.00,0,ppec_paypal,PayPal
12870,completed,ILS,2023-07-19T10:43:32,2023-07-19T10:43:35,0.00,0.00,45.00,0,ppec_paypal,PayPal
12875,completed,ILS,2023-07-19T22:36:01,2024-09-26T12:03:28,0.00,0.00,65.00,125416812,ppec_paypal,PayPal
12876,completed,ILS,2023-07-19T23:53:20,2024-09-26T12:03:30,0.00,0.00,65.00,0,ppec_paypal,PayPal Checkout
12878,completed,ILS,2023-07-20T14:49:38,2024-09-26T12:03:32,0.00,0.00,82.00,0,ppec_paypal,PayPal
12879,completed,ILS,2023-07-22T13:09:44,2024-09-26T12:03:33,0.00,0.00,65.00,0,ppec_paypal,PayPal Checkout
12880,completed,ILS,2023-07-23T09:16:45,2023-07-23T09:16:48,0.00,0.00,75.00,125416828,ppec_paypal,PayPal Checkout
12881,completed,ILS,2023-07-23T21:04:37,2024-09-26T12:03:34,0.00,0.00,40.00,0,ppec_paypal,PayPal
12882,completed,ILS,2023-07-24T13:35:04,2024-09-26T12:03:35,0.00,0.00,65.00,125416829,ppec_paypal,PayPal
12883,completed,ILS,2023-07-24T16:44:03,2024-09-26T12:03:36,0.00,0.00,65.00,0,ppec_paypal,PayPal Checkout
12884,completed,ILS,2023-07-25T09:55:21,2024-09-26T12:03:37,0.00,0.00,55.00,0,ppec_paypal,PayPal Checkout
12885,completed,ILS,2023-07-25T10:45:04,2024-09-26T12:03:38,0.00,0.00,48.00,0,ppec_paypal,PayPal
12886,completed,ILS,2023-07-25T11:06:33,2024-09-26T12:03:40,0.00,0.00,15.00,125416830,ppec_paypal,PayPal
12888,completed,ILS,2023-07-25T11:29:00,2024-09-26T12:03:41,0.00,0.00,65.00,0,ppec_paypal,PayPal Checkout
12889,completed,ILS,2023-07-25T18:25:24,2024-09-26T12:03:42,0.00,0.00,120.00,0,ppec_paypal,PayPal
12890,completed,ILS,2023-07-26T15:28:52,2024-09-26T12:03:43,0.00,0.00,65.00,0,ppec_paypal,PayPal
12945,completed,ILS,2023-07-27T18:33:58,2024-09-26T12:03:44,0.00,0.00,65.00,125416831,ppec_paypal,PayPal
12946,completed,ILS,2023-07-27T18:43:46,2024-09-26T12:03:46,0.00,0.00,62.00,0,ppec_paypal,PayPal
12947,completed,ILS,2023-07-28T00:23:27,2024-09-26T12:03:48,0.00,0.00,65.00,0,ppec_paypal,PayPal
12948,completed,ILS,2023-07-29T22:26:52,2024-09-26T12:03:51,0.00,0.00,62.00,0,ppec_paypal,PayPal Checkout
12949,completed,ILS,2023-07-30T12:57:59,2023-07-30T12:58:02,0.00,0.00,35.00,0,ppec_paypal,PayPal
12950,completed,ILS,2023-07-30T16:24:48,2024-09-26T12:03:53,0.00,0.00,140.00,125416832,ppec_paypal,PayPal
12951,completed,ILS,2023-07-31T16:32:56,2023-07-31T16:32:59,0.00,0.00,17.00,0,ppec_paypal,PayPal
12952,completed,ILS,2023-08-01T00:17:44,2024-09-26T12:03:55,0.00,0.00,48.00,0,ppec_paypal,PayPal Checkout
12953,completed,ILS,2023-08-01T08:38:05,2024-09-26T12:03:57,0.00,0.00,55.00,0,ppec_paypal,PayPal Checkout
12954,completed,ILS,2023-08-01T10:20:42,2024-09-26T12:03:59,0.00,0.00,65.00,125416835,ppec_paypal,PayPal Checkout
12955,completed,ILS,2023-08-01T14:09:44,2024-09-26T12:04:01,0.00,0.00,65.00,0,ppec_paypal,PayPal Checkout
12960,completed,ILS,2023-08-03T18:43:59,2024-09-26T12:04:04,0.00,0.00,55.00,125416837,ppec_paypal,PayPal
12961,completed,ILS,2023-08-05T21:33:53,2024-03-28T21:39:56,0.00,0.00,65.00,0,ppec_paypal,PayPal Checkout
12964,completed,ILS,2023-08-06T09:25:34,2024-09-26T12:04:06,0.00,0.00,65.00,0,ppec_paypal,PayPal
12965,completed,ILS,2023-08-06T14:30:23,2023-08-20T13:27:14,0.00,0.00,45.00,0,ppec_paypal,PayPal
12967,completed,ILS,2023-08-07T16:55:24,2024-09-26T12:04:07,0.00,0.00,65.00,0,ppec_paypal,PayPal Checkout
12968,completed,ILS,2023-08-07T16:58:59,2023-08-20T13:26:34,0.00,0.00,45.00,0,ppec_paypal,PayPal
12969,completed,ILS,2023-08-07T20:36:55,2024-09-26T12:04:08,0.00,0.00,65.00,0,ppec_paypal,PayPal Checkout
12972,completed,ILS,2023-08-08T13:03:54,2024-09-26T12:04:09,0.00,0.00,65.00,0,ppec_paypal,PayPal Checkout
12974,completed,ILS,2023-08-09T14:58:01,2024-09-26T12:04:10,0.00,0.00,62.00,0,ppec_paypal,PayPal
12975,completed,ILS,2023-08-09T18:40:30,2024-09-26T12:04:12,0.00,0.00,65.00,0,ppec_paypal,PayPal
12976,completed,ILS,2023-08-10T07:41:34,2024-09-26T12:04:13,0.00,0.00,65.00,0,ppec_paypal,PayPal Checkout
12977,completed,ILS,2023-08-10T09:14:21,2024-09-26T12:04:14,0.00,0.00,40.00,0,ppec_paypal,PayPal Checkout
12978,completed,ILS,2023-08-10T09:23:08,2024-09-26T12:04:15,0.00,0.00,62.00,125416839,ppec_paypal,PayPal
12979,completed,ILS,2023-08-10T10:16:16,2024-09-26T12:04:17,0.00,0.00,63.00,125416840,ppec_paypal,PayPal
12981,completed,ILS,2023-08-11T19:41:46,2024-09-26T12:04:18,0.00,0.00,40.00,0,ppec_paypal,PayPal Checkout
13003,completed,ILS,2023-08-13T07:50:14,2023-08-13T07:50:17,0.00,0.00,45.00,0,ppec_paypal,PayPal Checkout
13004,completed,ILS,2023-08-13T10:28:24,2024-09-26T12:04:19,0.00,0.00,127.00,0,ppec_paypal,PayPal
13005,completed,ILS,2023-08-13T12:45:57,2023-08-13T12:45:59,0.00,0.00,45.00,0,ppec_paypal,PayPal Checkout
13006,completed,ILS,2023-08-13T12:54:00,2024-09-26T12:04:20,0.00,0.00,85.00,125416841,ppec_paypal,PayPal
13009,completed,ILS,2023-08-14T00:02:23,2024-09-26T12:04:22,0.00,0.00,62.00,0,ppec_paypal,PayPal
13011,completed,ILS,2023-08-14T08:32:17,2023-08-14T08:32:19,0.00,0.00,45.00,0,ppec_paypal,PayPal
13012,completed,ILS,2023-08-14T10:17:22,2024-09-26T12:04:24,0.00,0.00,62.00,0,ppec_paypal,PayPal
13013,completed,ILS,2023-08-14T13:05:57,2024-09-26T12:04:26,0.00,0.00,62.00,0,ppec_paypal,PayPal
13014,completed,ILS,2023-08-14T16:11:15,2024-09-26T12:04:28,0.00,0.00,130.00,125416366,ppec_paypal,PayPal
13015,completed,ILS,2023-08-14T18:25:24,2024-09-26T12:04:31,0.00,0.00,35.00,0,ppec_paypal,PayPal
13016,completed,ILS,2023-08-15T09:30:57,2023-08-15T09:31:01,0.00,0.00,45.00,0,ppec_paypal,PayPal
13017,completed,ILS,2023-08-15T11:27:43,2023-08-15T11:27:46,0.00,0.00,45.00,0,ppec_paypal,PayPal Checkout
13020,completed,ILS,2023-08-16T09:47:12,2023-08-16T09:47:15,0.00,0.00,35.00,0,ppec_paypal,PayPal
13021,completed,ILS,2023-08-16T11:01:09,2024-09-26T12:04:33,0.00,0.00,55.00,0,ppec_paypal,PayPal Checkout
13024,completed,ILS,2023-08-17T08:20:51,2024-09-26T12:04:35,0.00,0.00,48.00,125416742,ppec_paypal,PayPal
13026,completed,ILS,2023-08-17T16:22:40,2024-09-26T12:04:37,0.00,0.00,65.00,0,ppec_paypal,PayPal
13032,completed,ILS,2023-08-19T20:31:47,2024-09-26T12:04:39,0.00,0.00,269.00,125416843,ppec_paypal,PayPal
13033,completed,ILS,2023-08-19T21:04:44,2024-09-26T12:04:41,0.00,0.00,55.00,0,ppec_paypal,PayPal
13034,completed,ILS,2023-08-19T21:47:40,2024-09-26T12:04:43,0.00,0.00,65.00,125416179,ppec_paypal,PayPal Checkout
13035,completed,ILS,2023-08-19T22:05:03,2024-09-26T12:04:44,0.00,0.00,55.00,0,ppec_paypal,PayPal
13036,completed,ILS,2023-08-20T14:48:47,2024-09-26T12:04:44,0.00,0.00,55.00,0,ppec_paypal,PayPal
13037,completed,ILS,2023-08-20T15:18:48,2024-09-26T12:04:46,0.00,0.00,55.00,125416845,ppec_paypal,PayPal
13039,completed,ILS,2023-08-20T17:47:10,2024-09-26T12:04:47,0.00,0.00,25.00,0,ppec_paypal,PayPal
13041,completed,ILS,2023-08-21T16:18:16,2023-08-21T16:18:18,0.00,0.00,75.00,0,ppec_paypal,PayPal
13042,completed,ILS,2023-08-21T17:37:27,2024-09-26T12:04:48,0.00,0.00,62.00,0,ppec_paypal,PayPal Checkout
13044,completed,ILS,2023-08-22T12:26:33,2024-09-26T12:04:49,0.00,0.00,62.00,0,ppec_paypal,PayPal Checkout
13045,completed,ILS,2023-08-22T21:33:59,2024-09-26T12:04:50,0.00,0.00,45.00,125416848,ppec_paypal,PayPal
13046,completed,ILS,2023-08-23T09:28:29,2024-09-26T12:04:51,0.00,0.00,65.00,0,ppec_paypal,PayPal
13048,completed,ILS,2023-08-23T19:41:36,2024-09-26T12:04:52,0.00,0.00,55.00,0,ppec_paypal,PayPal Checkout
13050,completed,ILS,2023-08-24T09:48:15,2024-09-26T12:04:54,0.00,0.00,45.00,0,ppec_paypal,PayPal Checkout
13054,completed,ILS,2023-08-24T17:46:34,2024-09-26T12:04:55,0.00,0.00,55.00,0,ppec_paypal,PayPal
13078,completed,ILS,2023-08-24T22:12:59,2023-08-24T22:13:02,0.00,0.00,45.00,125416851,ppec_paypal,PayPal
13093,completed,ILS,2023-08-26T15:26:32,2024-09-26T12:04:57,0.00,0.00,48.00,0,ppec_paypal,PayPal
13094,completed,ILS,2023-08-26T16:44:48,2024-09-26T12:04:59,0.00,0.00,35.00,0,ppec_paypal,PayPal
13095,completed,ILS,2023-08-26T19:33:08,2024-09-26T12:05:01,0.00,0.00,48.00,0,ppec_paypal,PayPal Checkout
13097,completed,ILS,2023-08-27T09:20:07,2024-09-26T12:05:02,0.00,0.00,18.00,125416854,ppec_paypal,PayPal
13098,completed,ILS,2023-08-27T16:23:07,2023-08-27T16:23:10,0.00,0.00,35.00,0,ppec_paypal,PayPal
13099,completed,ILS,2023-08-27T20:45:57,2024-09-26T12:05:05,0.00,0.00,65.00,0,ppec_paypal,PayPal
13100,completed,ILS,2023-08-28T11:50:53,2024-09-26T12:05:07,0.00,0.00,28.00,125416856,ppec_paypal,PayPal Checkout
13101,completed,ILS,2023-08-28T12:27:38,2024-09-26T12:05:09,0.00,0.00,45.00,0,ppec_paypal,PayPal Checkout
13102,completed,ILS,2023-08-28T12:45:24,2024-09-26T12:05:11,0.00,0.00,62.00,0,ppec_paypal,PayPal
13104,completed,ILS,2023-08-28T19:24:22,2023-08-28T19:24:24,0.00,0.00,54.00,0,ppec_paypal,PayPal
13105,completed,ILS,2023-08-29T00:43:49,2024-09-26T12:05:13,0.00,0.00,28.00,0,ppec_paypal,PayPal
13107,completed,ILS,2023-08-29T13:36:54,2024-09-26T12:05:13,0.00,0.00,18.00,125416857,ppec_paypal,PayPal Checkout
13108,completed,ILS,2023-08-29T20:40:47,2024-09-26T12:05:14,0.00,0.00,140.00,0,ppec_paypal,PayPal Checkout
13110,completed,ILS,2023-08-30T13:47:38,2024-09-26T12:05:15,0.00,0.00,45.00,0,ppec_paypal,PayPal
13116,completed,ILS,2023-08-31T20:18:51,2024-09-26T12:05:15,0.00,0.00,48.00,0,ppec_paypal,PayPal Checkout
13117,completed,ILS,2023-09-01T16:47:35,2024-09-26T12:05:16,0.00,0.00,60.00,0,ppec_paypal,PayPal
13118,completed,ILS,2023-09-02T19:59:02,2024-09-26T12:05:16,0.00,0.00,48.00,0,ppec_paypal,PayPal
13119,completed,ILS,2023-09-03T21:41:00,2024-09-26T12:05:17,0.00,0.00,48.00,0,ppec_paypal,PayPal Checkout
13120,completed,ILS,2023-09-05T21:40:10,2024-09-26T12:05:17,0.00,0.00,28.00,0,ppec_paypal,PayPal Checkout
13125,completed,ILS,2023-09-06T11:10:31,2024-09-26T12:05:18,0.00,0.00,48.00,125416684,ppec_paypal,PayPal Checkout
13126,completed,ILS,2023-09-08T16:19:18,2024-09-26T12:05:18,0.00,0.00,55.00,125416858,ppec_paypal,PayPal Checkout
13128,completed,ILS,2023-09-09T21:53:24,2024-09-26T12:05:19,0.00,0.00,28.00,0,ppec_paypal,PayPal
13129,completed,ILS,2023-09-16T08:36:30,2024-09-26T12:05:19,0.00,0.00,88.00,0,ppec_paypal,PayPal
13131,completed,ILS,2023-09-18T10:38:21,2023-09-18T10:38:23,0.00,0.00,75.00,0,ppec_paypal,PayPal
13132,completed,ILS,2023-09-18T18:35:02,2023-09-18T18:35:06,0.00,0.00,75.00,0,ppec_paypal,PayPal
13142,completed,ILS,2023-09-20T22:21:30,2024-09-26T12:05:20,0.00,0.00,28.00,0,ppec_paypal,PayPal Checkout
13152,completed,ILS,2023-09-28T12:45:21,2023-09-28T12:45:22,0.00,0.00,20.00,0,ppec_paypal,PayPal Checkout
13157,completed,ILS,2023-10-02T23:45:40,2023-10-02T23:45:43,0.00,0.00,75.00,125416865,ppec_paypal,PayPal
13167,completed,ILS,2023-10-18T10:42:25,2023-10-18T10:42:26,0.00,0.00,17.00,0,ppec_paypal,PayPal Checkout
13172,completed,ILS,2023-10-21T12:21:49,2023-10-21T12:21:52,0.00,0.00,17.00,0,ppec_paypal,PayPal
13195,completed,ILS,2023-10-21T22:56:03,2023-10-21T22:56:06,0.00,0.00,75.00,0,ppec_paypal,PayPal
13196,completed,ILS,2023-10-23T14:33:36,2023-10-23T14:33:39,0.00,0.00,54.00,0,ppec_paypal,PayPal
13198,completed,ILS,2023-10-23T20:35:21,2024-09-26T12:05:21,0.00,0.00,35.00,125416866,ppec_paypal,PayPal Checkout
13207,completed,ILS,2023-10-27T13:30:40,2024-09-26T12:01:15,0.00,0.00,41.00,125416684,ppec_paypal,PayPal
13212,completed,ILS,2023-10-28T20:30:39,2023-10-28T20:30:41,0.00,0.00,75.00,0,ppec_paypal,PayPal Checkout
13214,completed,ILS,2023-10-30T06:38:53,2023-10-30T06:38:55,0.00,0.00,54.00,0,ppec_paypal,PayPal
13215,completed,ILS,2023-10-31T18:47:26,2024-09-26T12:01:16,0.00,0.00,28.00,0,ppec_paypal,PayPal
13216,completed,ILS,2023-10-31T22:43:31,2024-09-26T12:01:17,0.00,0.00,28.00,0,ppec_paypal,PayPal
13231,completed,ILS,2023-11-04T21:48:09,2024-09-26T12:01:18,0.00,0.00,28.00,0,ppec_paypal,PayPal Checkout
13242,completed,ILS,2023-11-09T12:20:34,2024-09-26T12:01:19,0.00,0.00,28.00,0,ppec_paypal,PayPal
13243,completed,ILS,2023-11-09T16:30:06,2024-09-26T12:01:20,0.00,0.00,78.00,0,ppec_paypal,PayPal Checkout
13244,completed,ILS,2023-11-11T16:45:30,2024-09-26T12:01:21,0.00,0.00,28.00,0,ppec_paypal,PayPal Checkout
13245,completed,ILS,2023-11-12T09:41:02,2024-09-26T12:01:22,0.00,0.00,18.00,0,ppec_paypal,PayPal
13246,completed,ILS,2023-11-12T11:11:59,2023-11-12T11:12:01,0.00,0.00,17.00,0,ppec_paypal,PayPal
13247,completed,ILS,2023-11-12T13:35:40,2024-09-26T12:01:23,0.00,0.00,28.00,0,ppec_paypal,PayPal Checkout
13248,completed,ILS,2023-11-12T17:59:32,2024-09-26T12:01:24,0.00,0.00,40.00,0,ppec_paypal,PayPal Checkout
13249,completed,ILS,2023-11-13T19:10:39,2024-09-26T12:01:25,0.00,0.00,28.00,125416869,ppec_paypal,PayPal
13250,completed,ILS,2023-11-15T19:06:54,2024-09-26T12:01:26,0.00,0.00,28.00,0,ppec_paypal,PayPal
13251,completed,ILS,2023-11-17T07:22:00,2023-11-17T07:22:03,0.00,0.00,17.00,0,ppec_paypal,PayPal
13252,completed,ILS,2023-11-20T17:33:07,2023-11-20T17:33:10,0.00,0.00,17.00,0,ppec_paypal,PayPal Checkout
13253,completed,ILS,2023-11-20T18:30:04,2024-09-26T12:01:27,0.00,0.00,28.00,0,ppec_paypal,PayPal
13259,completed,ILS,2023-11-21T22:29:59,2023-11-21T22:30:02,0.00,0.00,17.00,125416870,ppec_paypal,PayPal
13260,completed,ILS,2023-11-23T22:53:21,2024-09-26T12:01:28,0.00,0.00,28.00,0,ppec_paypal,PayPal Checkout
13261,completed,ILS,2023-11-26T10:02:22,2024-09-26T12:01:29,0.00,0.00,17.00,0,ppec_paypal,PayPal
13262,completed,ILS,2023-11-26T23:27:10,2024-09-26T12:01:30,0.00,0.00,20.00,0,ppec_paypal,PayPal
13263,completed,ILS,2023-11-26T23:30:35,2024-09-26T12:01:31,0.00,0.00,28.00,125416873,ppec_paypal,PayPal
13264,completed,ILS,2023-11-28T19:27:32,2024-09-26T12:01:32,0.00,0.00,20.00,0,ppec_paypal,PayPal Checkout
13269,completed,ILS,2023-11-30T07:31:12,2024-09-26T12:01:33,0.00,0.00,20.00,125416684,ppec_paypal,PayPal
13270,completed,ILS,2023-11-30T09:31:47,2024-09-26T12:01:35,0.00,0.00,17.00,125416875,ppec_paypal,PayPal
13271,completed,ILS,2023-11-30T11:33:03,2023-11-30T11:33:05,0.00,0.00,75.00,125416876,ppec_paypal,PayPal
13272,completed,ILS,2023-11-30T16:57:17,2023-11-30T16:57:19,0.00,0.00,17.00,0,ppec_paypal,PayPal
13273,completed,ILS,2023-11-30T22:59:12,2023-11-30T22:59:14,0.00,0.00,54.00,0,ppec_paypal,PayPal
13275,completed,ILS,2023-12-04T04:52:27,2024-09-26T12:00:22,0.00,0.00,28.00,0,ppec_paypal,PayPal
13280,completed,ILS,2023-12-05T07:40:09,2024-09-26T12:00:24,0.00,0.00,20.00,0,ppec_paypal,PayPal Checkout
13281,completed,ILS,2023-12-05T08:33:11,2024-09-26T12:00:25,0.00,0.00,20.00,125416877,ppec_paypal,PayPal
13282,completed,ILS,2023-12-05T11:26:47,2024-09-26T12:00:26,0.00,0.00,20.00,0,ppec_paypal,PayPal
13283,completed,ILS,2023-12-06T10:54:50,2024-09-26T12:00:27,0.00,0.00,20.00,0,ppec_paypal,PayPal
13284,completed,ILS,2023-12-06T13:48:03,2024-09-26T12:00:28,0.00,0.00,20.00,0,ppec_paypal,PayPal
13285,completed,ILS,2023-12-06T14:35:49,2024-09-26T12:00:30,0.00,0.00,20.00,0,ppec_paypal,PayPal
13287,completed,ILS,2023-12-07T06:29:34,2024-09-26T12:00:31,0.00,0.00,20.00,0,ppec_paypal,PayPal
13288,completed,ILS,2023-12-09T18:51:18,2024-09-26T12:00:32,0.00,0.00,20.00,0,ppec_paypal,PayPal
13290,completed,ILS,2023-12-10T16:42:12,2023-12-10T16:42:15,0.00,0.00,75.00,125416880,ppec_paypal,PayPal
13291,completed,ILS,2023-12-10T19:47:33,2024-09-26T12:00:33,0.00,0.00,20.00,0,ppec_paypal,PayPal
13292,completed,ILS,2023-12-11T15:35:03,2023-12-11T15:35:05,0.00,0.00,54.00,0,ppec_paypal,PayPal Checkout
13293,completed,ILS,2023-12-12T10:30:23,2024-09-26T12:00:34,0.00,0.00,41.00,0,ppec_paypal,PayPal
13298,completed,ILS,2023-12-12T21:39:29,2023-12-12T21:39:32,0.00,0.00,92.00,0,ppec_paypal,PayPal
13299,completed,ILS,2023-12-13T17:54:09,2024-09-26T12:00:35,0.00,0.00,20.00,125416882,ppec_paypal,PayPal
13300,completed,ILS,2023-12-14T17:46:46,2024-09-26T12:00:36,0.00,0.00,18.00,0,ppec_paypal,PayPal
13305,completed,ILS,2023-12-17T20:54:10,2024-09-26T12:00:38,0.00,0.00,28.00,125416884,ppec_paypal,PayPal Checkout
13307,completed,ILS,2023-12-19T01:48:02,2024-09-26T12:00:39,0.00,0.00,104.00,125416885,ppec_paypal,PayPal
13309,completed,ILS,2023-12-21T13:03:39,2023-12-21T13:03:42,0.00,0.00,17.00,0,ppec_paypal,PayPal Checkout
13315,completed,ILS,2023-12-22T12:28:23,2023-12-22T12:28:26,0.00,0.00,75.00,0,ppec_paypal,PayPal
13316,completed,ILS,2023-12-23T09:04:26,2024-09-26T12:00:40,0.00,0.00,18.00,125416886,ppec_paypal,PayPal Checkout
13317,completed,ILS,2023-12-23T20:26:24,2024-09-26T12:00:41,0.00,0.00,17.00,0,ppec_paypal,PayPal Checkout
13319,completed,ILS,2023-12-24T22:53:43,2023-12-24T22:53:46,0.00,0.00,75.00,0,ppec_paypal,PayPal Checkout
13320,completed,ILS,2023-12-25T06:39:33,2024-09-26T12:00:42,0.00,0.00,18.00,0,ppec_paypal,PayPal
13322,completed,ILS,2023-12-25T23:07:10,2023-12-25T23:07:12,0.00,0.00,17.00,0,ppec_paypal,PayPal
13345,pending,ILS,2023-12-27T18:34:34,2023-12-27T18:34:34,0.00,0.00,75.00,0,ppec_paypal,PayPal
13346,completed,ILS,2023-12-27T21:55:52,2024-09-26T12:00:43,0.00,0.00,17.00,0,ppec_paypal,PayPal
13348,completed,ILS,2024-01-01T20:27:08,2024-09-26T11:37:40,0.00,0.00,28.00,0,ppec_paypal,PayPal Checkout
13349,completed,ILS,2024-01-02T10:36:28,2024-09-26T11:37:39,0.00,0.00,17.00,0,ppec_paypal,PayPal Checkout
13350,completed,ILS,2024-01-02T20:09:35,2024-01-02T20:09:37,0.00,0.00,17.00,0,ppec_paypal,PayPal Checkout
13364,completed,ILS,2024-01-07T13:40:07,2024-01-07T13:40:10,0.00,0.00,17.00,0,ppec_paypal,PayPal Checkout
13365,completed,ILS,2024-01-07T19:14:32,2024-09-26T11:37:38,0.00,0.00,50.00,125416892,ppec_paypal,PayPal Checkout
13366,completed,ILS,2024-01-07T20:52:48,2024-01-07T20:52:50,0.00,0.00,17.00,0,ppec_paypal,PayPal
13368,completed,ILS,2024-01-08T19:19:26,2024-01-09T11:57:51,0.00,0.00,17.00,0,ppec_paypal,PayPal
13376,completed,ILS,2024-01-10T06:45:17,2024-09-26T11:37:37,0.00,0.00,70.00,0,ppec_paypal,PayPal Checkout
13381,completed,ILS,2024-01-13T16:20:29,2024-01-13T16:20:30,0.00,0.00,17.00,0,ppec_paypal,PayPal Checkout
13383,completed,ILS,2024-01-15T15:54:51,2024-09-26T11:37:36,0.00,0.00,28.00,0,ppec_paypal,PayPal
13384,completed,ILS,2024-01-15T18:54:52,2024-01-15T18:54:54,0.00,0.00,17.00,0,ppec_paypal,PayPal Checkout
13395,completed,ILS,2024-01-22T08:45:05,2024-09-26T11:37:35,0.00,0.00,65.00,125416896,ppec_paypal,PayPal Checkout
13413,completed,ILS,2024-01-26T17:26:08,2024-09-26T11:37:33,0.00,0.00,18.00,0,ppec_paypal,PayPal Checkout
13418,completed,ILS,2024-02-02T13:22:47,2024-02-02T13:22:49,0.00,0.00,75.00,125416899,ppec_paypal,PayPal Checkout
13419,completed,ILS,2024-02-02T23:02:57,2024-09-26T11:38:17,0.00,0.00,23.00,0,ppec_paypal,PayPal Checkout
13421,completed,ILS,2024-02-06T21:18:48,2024-09-26T11:38:18,0.00,0.00,51.00,0,ppec_paypal,PayPal
13426,completed,ILS,2024-02-12T09:31:26,2024-02-12T09:31:28,0.00,0.00,75.00,125416684,ppec_paypal,PayPal
13440,completed,ILS,2024-02-18T01:07:17,2024-09-26T11:38:19,0.00,0.00,28.00,0,ppec_paypal,PayPal
13441,completed,ILS,2024-02-18T08:20:31,2024-02-18T08:20:34,0.00,0.00,17.00,0,ppec_paypal,PayPal Checkout
13446,completed,ILS,2024-02-26T17:52:41,2024-09-26T11:38:21,0.00,0.00,28.00,0,ppec_paypal,PayPal
13461,completed,ILS,2024-02-28T22:12:08,2024-09-26T11:38:22,0.00,0.00,28.00,0,ppec_paypal,PayPal
13462,completed,ILS,2024-03-01T06:49:46,2024-09-26T11:39:16,0.00,0.00,17.00,125416902,ppec_paypal,PayPal Checkout
13463,completed,ILS,2024-03-01T10:09:25,2024-09-26T11:39:18,0.00,0.00,28.00,0,ppec_paypal,PayPal
13464,completed,ILS,2024-03-02T19:18:58,2024-09-26T11:39:19,0.00,0.00,28.00,0,ppec_paypal,PayPal
13474,completed,ILS,2024-03-13T18:34:19,2024-03-13T18:34:22,0.00,0.00,17.00,0,ppec_paypal,PayPal Checkout
13475,completed,ILS,2024-03-15T12:17:13,2024-09-26T11:39:20,0.00,0.00,28.00,0,ppec_paypal,PayPal
13476,completed,ILS,2024-03-16T22:20:50,2024-09-26T11:39:21,0.00,0.00,28.00,0,ppec_paypal,PayPal
13477,completed,ILS,2024-03-17T22:41:24,2024-03-17T22:41:26,0.00,0.00,75.00,0,ppec_paypal,PayPal Checkout
13492,completed,ILS,2024-04-02T10:47:19,2024-04-02T10:47:21,0.00,0.00,11.00,0,ppec_paypal,PayPal
13493,completed,ILS,2024-04-03T09:52:39,2024-04-03T09:52:41,0.00,0.00,17.00,0,ppec_paypal,PayPal
13509,completed,ILS,2024-04-30T19:07:35,2024-04-30T19:07:39,0.00,0.00,17.00,0,ppec_paypal,PayPal
13510,completed,ILS,2024-05-02T06:15:21,2024-09-26T11:43:14,0.00,0.00,17.00,0,ppec_paypal,PayPal
13511,completed,ILS,2024-05-04T21:28:03,2024-09-26T11:43:15,0.00,0.00,28.00,0,ppec_paypal,PayPal
13512,completed,ILS,2024-05-04T21:36:01,2024-09-26T11:43:16,0.00,0.00,28.00,0,ppec_paypal,PayPal
13513,completed,ILS,2024-05-05T09:28:55,2024-05-05T09:28:57,0.00,0.00,54.00,0,ppec_paypal,PayPal
13514,completed,ILS,2024-05-06T15:21:34,2024-09-26T11:43:17,0.00,0.00,15.00,0,ppec_paypal,PayPal Checkout
13532,completed,ILS,2024-05-12T11:17:12,2024-09-26T11:43:18,0.00,0.00,15.00,0,ppec_paypal,PayPal Checkout
13538,completed,ILS,2024-05-15T14:44:39,2024-09-26T11:42:56,0.00,0.00,15.00,0,ppec_paypal,PayPal
13539,completed,ILS,2024-05-16T15:59:38,2024-05-16T15:59:40,0.00,0.00,75.00,0,ppec_paypal,PayPal
13540,completed,ILS,2024-05-17T21:45:13,2024-09-26T11:42:57,0.00,0.00,28.00,0,ppec_paypal,PayPal
13541,completed,ILS,2024-05-18T09:00:13,2024-09-26T11:42:58,0.00,0.00,149.00,0,ppec_paypal,PayPal
13542,cancelled,ILS,2024-05-19T11:58:47,2024-09-24T11:12:59,0.00,0.00,75.00,0,ppec_paypal,PayPal
13544,completed,ILS,2024-05-21T13:01:14,2024-05-21T13:03:49,0.00,0.00,75.00,0,ppec_paypal,PayPal
13553,completed,ILS,2024-05-23T22:27:03,2024-05-23T22:27:05,0.00,0.00,17.00,0,ppec_paypal,PayPal
13554,completed,ILS,2024-05-24T01:32:31,2024-09-26T11:42:59,0.00,0.00,46.00,0,ppec_paypal,PayPal
13555,completed,ILS,2024-05-25T09:34:07,2024-05-25T09:34:09,0.00,0.00,20.00,0,ppec_paypal,PayPal
13560,completed,ILS,2024-05-28T09:40:14,2024-09-26T11:43:00,0.00,0.00,17.00,0,ppec_paypal,PayPal Checkout
13561,completed,ILS,2024-05-28T22:42:41,2024-05-28T22:42:44,0.00,0.00,34.00,0,ppec_paypal,PayPal Checkout
13562,completed,ILS,2024-05-30T14:59:28,2024-05-30T14:59:30,0.00,0.00,17.00,0,ppec_paypal,PayPal
13563,completed,ILS,2024-05-30T22:12:39,2024-09-26T11:43:02,0.00,0.00,108.00,125416906,ppec_paypal,PayPal Checkout
13564,completed,ILS,2024-05-31T12:11:49,2024-09-26T11:43:03,0.00,0.00,15.00,0,ppec_paypal,PayPal Checkout
13565,completed,ILS,2024-06-01T14:35:56,2024-09-26T11:45:25,0.00,0.00,15.00,125416907,ppec_paypal,PayPal
13566,completed,ILS,2024-06-02T14:10:32,2024-09-26T11:45:26,0.00,0.00,32.00,0,ppec_paypal,PayPal
13567,completed,ILS,2024-06-03T12:00:51,2024-06-03T12:00:53,0.00,0.00,51.00,0,ppec_paypal,PayPal Checkout
13568,completed,ILS,2024-06-04T08:52:38,2024-09-26T11:45:27,0.00,0.00,15.00,0,ppec_paypal,PayPal Checkout
13569,completed,ILS,2024-06-04T14:19:56,2024-09-26T11:45:28,0.00,0.00,17.00,125416908,ppec_paypal,PayPal
13570,completed,ILS,2024-06-04T20:59:36,2024-09-26T11:45:29,0.00,0.00,15.00,0,ppec_paypal,PayPal Checkout
13575,completed,ILS,2024-06-04T22:09:49,2024-09-26T11:44:57,0.00,0.00,15.00,125416684,ppec_paypal,PayPal
13576,completed,ILS,2024-06-05T08:29:08,2024-09-26T11:44:58,0.00,0.00,60.00,125416909,ppec_paypal,PayPal Checkout
13577,completed,ILS,2024-06-05T17:06:26,2024-09-26T11:44:59,0.00,0.00,15.00,0,ppec_paypal,PayPal
13582,completed,ILS,2024-06-05T19:38:22,2024-06-05T19:38:25,0.00,0.00,17.00,0,ppec_paypal,PayPal
13583,completed,ILS,2024-06-05T20:54:49,2024-06-05T20:54:51,0.00,0.00,17.00,0,ppec_paypal,PayPal
13584,completed,ILS,2024-06-06T00:03:38,2024-09-26T11:45:00,0.00,0.00,32.00,0,ppec_paypal,PayPal
13585,completed,ILS,2024-06-08T14:26:32,2024-09-26T11:45:01,0.00,0.00,32.00,0,ppec_paypal,PayPal
13586,completed,ILS,2024-06-08T19:47:29,2024-09-26T11:45:02,0.00,0.00,73.00,125416910,ppec_paypal,PayPal
13587,completed,ILS,2024-06-08T19:57:13,2024-09-26T11:45:03,0.00,0.00,50.00,0,ppec_paypal,PayPal
13601,completed,ILS,2024-06-08T22:46:30,2024-09-26T11:44:23,0.00,0.00,15.00,0,ppec_paypal,PayPal
13602,completed,ILS,2024-06-09T07:47:55,2024-09-26T11:44:24,0.00,0.00,15.00,0,ppec_paypal,PayPal
13603,completed,ILS,2024-06-09T09:38:18,2024-09-26T11:44:25,0.00,0.00,17.00,0,ppec_paypal,PayPal
13604,completed,ILS,2024-06-09T11:33:36,2024-09-26T11:44:26,0.00,0.00,15.00,0,ppec_paypal,PayPal
13610,completed,ILS,2024-06-12T10:41:17,2024-09-26T11:44:27,0.00,0.00,28.00,125416912,ppec_paypal,PayPal Checkout
13611,completed,ILS,2024-06-15T13:07:52,2024-06-15T13:07:55,0.00,0.00,17.00,125416913,ppec_paypal,PayPal
13612,completed,ILS,2024-06-15T17:41:33,2024-06-15T17:41:35,0.00,0.00,45.00,0,ppec_paypal,PayPal
13613,completed,ILS,2024-06-15T18:32:31,2024-06-15T18:32:34,0.00,0.00,17.00,125416914,ppec_paypal,PayPal Checkout
13614,completed,ILS,2024-06-18T13:34:06,2024-09-26T11:44:28,0.00,0.00,65.00,0,ppec_paypal,PayPal Checkout
13615,completed,ILS,2024-06-18T18:10:29,2024-06-18T18:10:31,0.00,0.00,17.00,0,ppec_paypal,PayPal Checkout
13621,completed,ILS,2024-06-20T08:48:51,2024-09-26T11:44:29,0.00,0.00,55.00,125416915,ppec_paypal,PayPal
13623,completed,ILS,2024-06-20T12:59:23,2024-06-20T12:59:26,0.00,0.00,17.00,0,ppec_paypal,PayPal Checkout
13624,completed,ILS,2024-06-21T16:24:30,2024-06-21T16:24:32,0.00,0.00,45.00,125416543,ppec_paypal,PayPal
13625,completed,ILS,2024-06-22T09:19:31,2024-06-22T09:19:36,0.00,0.00,75.00,0,ppec_paypal,PayPal
13626,completed,ILS,2024-06-25T13:24:30,2024-06-25T13:24:33,0.00,0.00,35.00,125416917,ppec_paypal,PayPal
13631,completed,ILS,2024-06-25T22:50:18,2024-09-26T11:44:30,0.00,0.00,108.00,0,ppec_paypal,PayPal
13637,completed,ILS,2024-06-26T21:32:31,2024-09-26T11:44:32,0.00,0.00,28.00,0,ppec_paypal,PayPal
13649,completed,ILS,2024-06-30T18:52:48,2024-06-30T18:52:50,0.00,0.00,108.00,125416920,ppec_paypal,PayPal Checkout
13650,completed,ILS,2024-07-01T19:26:56,2024-07-01T19:26:59,0.00,0.00,35.00,0,ppec_paypal,PayPal
13651,completed,ILS,2024-07-02T11:06:02,2024-09-26T11:48:10,0.00,0.00,45.00,0,ppec_paypal,PayPal
13652,completed,ILS,2024-07-02T15:17:34,2024-09-26T11:48:11,0.00,0.00,40.00,0,ppec_paypal,PayPal
13658,completed,ILS,2024-07-03T11:22:09,2024-09-26T11:48:13,0.00,0.00,77.00,125416921,ppec_paypal,PayPal
13659,completed,ILS,2024-07-03T13:15:14,2024-07-03T13:15:16,0.00,0.00,35.00,0,ppec_paypal,PayPal
13661,completed,ILS,2024-07-04T08:50:50,2024-09-26T11:48:14,0.00,0.00,55.00,0,ppec_paypal,PayPal
13664,completed,ILS,2024-07-06T16:06:50,2024-09-26T11:48:15,0.00,0.00,117.00,0,ppec_paypal,PayPal
13665,completed,ILS,2024-07-06T19:21:49,2024-09-26T11:48:16,0.00,0.00,107.00,125416922,ppec_paypal,PayPal
13666,completed,ILS,2024-07-06T22:38:52,2024-09-26T11:48:17,0.00,0.00,45.00,0,ppec_paypal,PayPal
13668,completed,ILS,2024-07-07T07:26:15,2024-07-07T07:26:17,0.00,0.00,17.00,125416923,ppec_paypal,PayPal Checkout
13669,completed,ILS,2024-07-07T11:36:28,2024-09-26T11:48:18,0.00,0.00,52.00,125416924,ppec_paypal,PayPal
13670,completed,ILS,2024-07-07T12:56:41,2024-09-26T11:48:20,0.00,0.00,65.00,125416925,ppec_paypal,PayPal
13671,completed,ILS,2024-07-07T15:05:54,2024-07-07T15:05:56,0.00,0.00,75.00,125416926,ppec_paypal,PayPal
13672,completed,ILS,2024-07-07T20:52:18,2024-07-07T20:52:20,0.00,0.00,17.00,0,ppec_paypal,PayPal Checkout
13674,completed,ILS,2024-07-08T08:15:36,2024-09-26T11:48:21,0.00,0.00,55.00,0,ppec_paypal,PayPal Checkout
13677,completed,ILS,2024-07-08T16:43:21,2024-09-26T11:47:36,0.00,0.00,45.00,125416344,ppec_paypal,PayPal
13678,completed,ILS,2024-07-08T16:48:03,2024-09-26T11:47:37,0.00,0.00,40.00,125416927,ppec_paypal,PayPal Checkout
13683,completed,ILS,2024-07-09T12:18:37,2024-07-09T12:18:40,0.00,0.00,45.00,0,ppec_paypal,PayPal
13684,completed,ILS,2024-07-09T23:21:39,2024-09-26T11:47:39,0.00,0.00,65.00,0,ppec_paypal,PayPal Checkout
13685,completed,ILS,2024-07-10T19:55:05,2024-09-26T11:47:40,0.00,0.00,90.00,0,ppec_paypal,PayPal Checkout
13686,completed,ILS,2024-07-11T05:10:41,2024-07-11T05:10:44,0.00,0.00,17.00,0,ppec_paypal,PayPal
13688,completed,ILS,2024-07-11T10:36:41,2024-09-26T11:47:41,0.00,0.00,51.00,0,ppec_paypal,PayPal
13690,completed,ILS,2024-07-12T01:57:00,2024-07-12T01:57:03,0.00,0.00,45.00,125416930,ppec_paypal,PayPal
13691,completed,ILS,2024-07-13T10:07:44,2024-09-26T11:47:42,0.00,0.00,48.00,0,ppec_paypal,PayPal Checkout
13693,completed,ILS,2024-07-13T20:35:48,2024-07-13T20:35:50,0.00,0.00,75.00,0,ppec_paypal,PayPal
13694,completed,ILS,2024-07-14T09:15:37,2024-09-26T11:47:43,0.00,0.00,48.00,0,ppec_paypal,PayPal
13696,completed,ILS,2024-07-14T11:27:16,2024-09-26T11:47:44,0.00,0.00,40.00,0,ppec_paypal,PayPal
13699,completed,ILS,2024-07-15T09:08:07,2024-09-26T11:47:06,0.00,0.00,35.00,0,ppec_paypal,PayPal
13700,completed,ILS,2024-07-15T09:16:55,2024-09-26T11:47:07,0.00,0.00,55.00,0,ppec_paypal,PayPal
13701,completed,ILS,2024-07-15T11:19:11,2024-09-26T11:47:08,0.00,0.00,48.00,0,ppec_paypal,PayPal Checkout
13703,completed,ILS,2024-07-15T20:12:05,2024-09-26T11:47:09,0.00,0.00,55.00,0,ppec_paypal,PayPal
13704,completed,ILS,2024-07-15T21:03:26,2024-07-15T21:03:28,0.00,0.00,17.00,125416934,ppec_paypal,PayPal
13705,completed,ILS,2024-07-16T10:39:52,2024-09-26T11:47:11,0.00,0.00,62.00,0,ppec_paypal,PayPal
13708,completed,ILS,2024-07-16T17:19:23,2024-09-26T11:47:12,0.00,0.00,204.00,125416935,ppec_paypal,PayPal
13709,completed,ILS,2024-07-17T09:09:08,2024-07-17T09:09:11,0.00,0.00,11.00,125416933,ppec_paypal,PayPal
13715,completed,ILS,2024-07-18T10:22:49,2024-09-26T11:47:13,0.00,0.00,62.00,0,ppec_paypal,PayPal Checkout
13716,completed,ILS,2024-07-18T14:55:44,2024-09-26T11:47:14,0.00,0.00,48.00,0,ppec_paypal,PayPal
13717,completed,ILS,2024-07-20T23:23:56,2024-07-20T23:23:58,0.00,0.00,17.00,0,ppec_paypal,PayPal
13718,completed,ILS,2024-07-21T13:02:17,2024-09-26T11:47:15,0.00,0.00,65.00,125416687,ppec_paypal,PayPal
13719,completed,ILS,2024-07-21T16:41:29,2024-09-26T11:46:17,0.00,0.00,28.00,0,ppec_paypal,PayPal
13720,completed,ILS,2024-07-21T21:14:23,2024-07-21T21:14:25,0.00,0.00,75.00,125416938,ppec_paypal,PayPal
13721,completed,ILS,2024-07-22T08:00:02,2024-07-22T08:00:03,0.00,0.00,45.00,0,ppec_paypal,PayPal Checkout
13722,completed,ILS,2024-07-23T13:19:57,2024-07-23T13:20:00,0.00,0.00,17.00,0,ppec_paypal,PayPal
13723,cancelled,ILS,2024-07-23T14:39:33,2024-09-26T10:53:41,0.00,0.00,45.00,0,ppec_paypal,PayPal
13724,completed,ILS,2024-07-23T18:31:15,2024-07-23T18:31:17,0.00,0.00,17.00,0,ppec_paypal,PayPal
13729,completed,ILS,2024-07-25T10:10:07,2024-07-25T10:10:09,0.00,0.00,45.00,125416944,ppec_paypal,PayPal
13731,completed,ILS,2024-07-25T14:43:19,2024-09-26T11:46:18,0.00,0.00,28.00,0,ppec_paypal,PayPal Checkout
13732,completed,ILS,2024-07-25T20:18:36,2024-09-26T11:46:19,0.00,0.00,48.00,125416946,ppec_paypal,PayPal
13733,completed,ILS,2024-07-27T23:22:06,2024-07-27T23:22:08,0.00,0.00,17.00,0,ppec_paypal,PayPal
13734,completed,ILS,2024-07-27T23:40:35,2024-07-27T23:40:37,0.00,0.00,34.00,0,ppec_paypal,PayPal
13735,completed,ILS,2024-07-28T13:54:37,2024-09-26T11:46:20,0.00,0.00,48.00,125416947,ppec_paypal,PayPal Checkout
13736,completed,ILS,2024-07-28T21:40:59,2024-09-26T11:46:21,0.00,0.00,65.00,0,ppec_paypal,PayPal
13737,completed,ILS,2024-07-29T11:08:13,2024-09-26T11:46:23,0.00,0.00,65.00,0,ppec_paypal,PayPal Checkout
13739,completed,ILS,2024-07-30T12:22:53,2024-07-30T12:22:56,0.00,0.00,45.00,125416740,ppec_paypal,PayPal
13744,completed,ILS,2024-07-31T05:42:11,2024-07-31T05:42:13,0.00,0.00,75.00,0,ppec_paypal,PayPal
13745,completed,ILS,2024-07-31T09:40:58,2024-09-26T11:46:24,0.00,0.00,48.00,125416951,ppec_paypal,PayPal
13747,completed,ILS,2024-08-01T04:30:57,2024-09-26T11:53:57,0.00,0.00,45.00,0,ppec_paypal,PayPal Checkout
13748,completed,ILS,2024-08-01T09:56:44,2024-09-26T11:53:58,0.00,0.00,68.00,0,ppec_paypal,PayPal
13749,completed,ILS,2024-08-01T14:12:13,2024-08-01T14:12:15,0.00,0.00,16.00,0,ppec_paypal,PayPal
13750,completed,ILS,2024-08-01T21:57:37,2024-09-26T11:53:59,0.00,0.00,40.00,0,ppec_paypal,PayPal Checkout
13751,completed,ILS,2024-08-03T14:22:27,2024-08-03T14:22:29,0.00,0.00,45.00,0,ppec_paypal,PayPal Checkout
13752,completed,ILS,2024-08-04T09:58:22,2024-08-04T09:58:24,0.00,0.00,11.00,125416952,ppec_paypal,PayPal
13753,completed,ILS,2024-08-04T14:30:35,2024-09-26T11:54:00,0.00,0.00,55.00,0,ppec_paypal,PayPal Checkout
13756,completed,ILS,2024-08-05T13:01:21,2024-08-05T13:01:23,0.00,0.00,11.00,0,ppec_paypal,PayPal
13757,completed,ILS,2024-08-05T19:17:11,2024-09-26T11:54:01,0.00,0.00,18.00,0,ppec_paypal,PayPal
13758,completed,ILS,2024-08-06T09:07:21,2024-09-26T11:53:23,0.00,0.00,55.00,0,ppec_paypal,PayPal
13760,completed,ILS,2024-08-06T14:45:43,2024-09-26T11:53:24,0.00,0.00,45.00,0,ppec_paypal,PayPal Checkout
13761,completed,ILS,2024-08-06T17:07:30,2024-09-26T11:53:26,0.00,0.00,62.00,125416953,ppec_paypal,PayPal
13767,completed,ILS,2024-08-07T10:26:46,2024-09-26T11:53:27,0.00,0.00,62.00,0,ppec_paypal,PayPal
13768,completed,ILS,2024-08-07T13:52:53,2024-09-26T11:53:28,0.00,0.00,45.00,0,ppec_paypal,PayPal
13770,completed,ILS,2024-08-11T08:57:08,2024-09-26T11:53:29,0.00,0.00,35.00,0,ppec_paypal,PayPal
13772,completed,ILS,2024-08-11T12:08:34,2024-09-26T11:53:30,0.00,0.00,65.00,0,ppec_paypal,PayPal
13775,completed,ILS,2024-08-11T20:14:15,2024-08-11T20:14:17,0.00,0.00,16.00,0,ppec_paypal,PayPal Checkout
13776,completed,ILS,2024-08-11T20:51:28,2024-09-26T11:52:33,0.00,0.00,62.00,0,ppec_paypal,PayPal Checkout
13777,completed,ILS,2024-08-11T21:01:02,2024-09-26T11:52:34,0.00,0.00,55.00,0,ppec_paypal,PayPal Checkout
13792,completed,ILS,2024-08-13T11:17:01,2024-09-26T11:52:35,0.00,0.00,65.00,0,ppec_paypal,PayPal Checkout
13801,completed,ILS,2024-08-13T21:52:11,2024-09-26T11:52:36,0.00,0.00,202.00,0,ppec_paypal,PayPal
13802,completed,ILS,2024-08-14T09:50:48,2024-09-26T11:52:38,0.00,0.00,55.00,125416957,ppec_paypal,PayPal
13803,completed,ILS,2024-08-14T14:26:25,2024-09-26T11:52:39,0.00,0.00,35.00,0,ppec_paypal,PayPal
13808,completed,ILS,2024-08-15T11:10:46,2024-09-26T11:52:40,0.00,0.00,62.00,125416958,ppec_paypal,PayPal Checkout
13809,completed,ILS,2024-08-16T07:44:05,2024-08-16T07:44:07,0.00,0.00,35.00,0,ppec_paypal,PayPal
13826,completed,ILS,2024-08-17T19:13:19,2024-09-26T11:52:41,0.00,0.00,48.00,0,ppec_paypal,PayPal Checkout
13827,completed,ILS,2024-08-17T23:14:54,2024-09-26T11:52:03,0.00,0.00,55.00,0,ppec_paypal,PayPal Checkout
13828,refunded,ILS,2024-08-17T23:19:51,2024-08-20T10:46:47,0.00,0.00,55.00,125416961,ppec_paypal,PayPal Checkout
13829,completed,ILS,2024-08-18T15:03:20,2024-09-26T11:52:04,0.00,0.00,40.00,125416962,ppec_paypal,PayPal Checkout
13830,completed,ILS,2024-08-19T11:16:40,2024-09-26T11:52:05,0.00,0.00,55.00,125416963,ppec_paypal,PayPal
13832,completed,ILS,2024-08-19T19:53:42,2024-09-26T11:52:06,0.00,0.00,55.00,125416964,ppec_paypal,PayPal
13835,completed,ILS,2024-08-20T11:10:39,2024-09-26T11:52:07,0.00,0.00,55.00,0,ppec_paypal,PayPal Checkout
13836,completed,ILS,2024-08-20T16:45:38,2024-09-26T11:52:08,0.00,0.00,55.00,125416638,ppec_paypal,PayPal
13843,completed,ILS,2024-08-21T06:57:24,2024-09-26T11:52:09,0.00,0.00,55.00,0,ppec_paypal,PayPal
13844,completed,ILS,2024-08-21T11:27:18,2024-09-26T11:52:10,0.00,0.00,83.00,125416966,ppec_paypal,PayPal
13845,completed,ILS,2024-08-21T13:44:12,2024-08-21T13:44:14,0.00,0.00,35.00,0,ppec_paypal,PayPal
13849,completed,ILS,2024-08-22T10:57:41,2024-09-26T11:52:11,0.00,0.00,48.00,0,ppec_paypal,PayPal
13850,completed,ILS,2024-08-22T12:14:25,2024-09-26T11:34:29,0.00,0.00,55.00,125416967,ppec_paypal,PayPal Checkout
13855,completed,ILS,2024-08-24T15:43:51,2024-09-26T11:34:30,0.00,0.00,55.00,0,ppec_paypal,PayPal
13856,completed,ILS,2024-08-25T01:37:11,2024-09-26T11:34:31,0.00,0.00,17.00,0,ppec_paypal,PayPal
13857,completed,ILS,2024-08-25T06:29:01,2024-09-26T11:34:32,0.00,0.00,48.00,125416968,ppec_paypal,PayPal Checkout
13858,completed,ILS,2024-08-25T14:06:32,2024-09-26T11:34:33,0.00,0.00,65.00,0,ppec_paypal,PayPal
13860,completed,ILS,2024-08-26T17:15:55,2024-08-29T22:01:16,0.00,0.00,75.00,0,ppec_paypal,PayPal
13862,completed,ILS,2024-08-26T21:15:46,2024-09-26T11:34:35,0.00,0.00,55.00,0,ppec_paypal,PayPal Checkout
13863,completed,ILS,2024-08-26T21:40:15,2024-08-26T21:40:16,0.00,0.00,75.00,125416969,ppec_paypal,PayPal Checkout
13868,completed,ILS,2024-08-27T10:25:36,2024-09-26T11:34:36,0.00,0.00,13.00,0,ppec_paypal,PayPal
13870,completed,ILS,2024-08-27T18:06:57,2024-09-26T11:34:37,0.00,0.00,55.00,125416848,ppec_paypal,PayPal
13871,completed,ILS,2024-08-28T12:48:16,2024-08-28T12:48:18,0.00,0.00,35.00,0,ppec_paypal,PayPal Checkout
13872,completed,ILS,2024-08-28T16:22:19,2024-09-26T11:34:38,0.00,0.00,18.00,0,ppec_paypal,PayPal Checkout
13896,completed,ILS,2024-08-30T09:26:54,2024-09-26T11:34:39,0.00,0.00,66.00,0,ppec_paypal,PayPal
13897,completed,ILS,2024-08-31T00:04:51,2024-09-26T11:34:40,0.00,0.00,48.00,125416677,ppec_paypal,PayPal
13898,completed,ILS,2024-08-31T10:52:20,2024-09-26T11:34:41,0.00,0.00,48.00,0,ppec_paypal,PayPal
13899,completed,ILS,2024-09-03T12:40:01,2024-09-26T11:34:42,0.00,0.00,62.00,125416971,ppec_paypal,PayPal
13904,completed,ILS,2024-09-04T15:15:04,2024-09-26T11:34:43,0.00,0.00,40.00,125416972,ppec_paypal,PayPal
13905,completed,ILS,2024-09-05T10:44:40,2024-09-26T11:34:44,0.00,0.00,55.00,125416974,ppec_paypal,PayPal
13906,completed,ILS,2024-09-05T13:19:22,2024-09-26T11:34:45,0.00,0.00,28.00,125416975,ppec_paypal,PayPal
13911,completed,ILS,2024-09-06T06:38:44,2024-09-26T11:34:46,0.00,0.00,62.00,125416976,ppec_paypal,PayPal
13912,completed,ILS,2024-09-07T12:31:38,2024-09-07T12:31:40,0.00,0.00,75.00,0,ppec_paypal,PayPal
13914,completed,ILS,2024-09-09T21:37:10,2024-09-26T11:34:47,0.00,0.00,28.00,125416977,ppec_paypal,PayPal
13927,completed,ILS,2024-09-11T10:24:55,2024-09-11T10:24:57,0.00,0.00,75.00,0,ppec_paypal,PayPal Checkout
13929,completed,ILS,2024-09-14T08:50:10,2024-09-26T11:34:49,0.00,0.00,45.00,0,ppec_paypal,PayPal
13935,completed,ILS,2024-09-19T20:36:23,2024-09-26T11:34:50,0.00,0.00,28.00,0,ppec_paypal,PayPal
13936,completed,ILS,2024-09-20T18:41:27,2024-09-20T18:41:30,0.00,0.00,75.00,0,ppec_paypal,PayPal
13941,completed,ILS,2024-09-25T11:01:50,2024-09-26T11:33:48,0.00,0.00,28.00,0,ppec_paypal,PayPal
13944,completed,ILS,2024-09-30T08:27:47,2024-09-30T08:27:49,0.00,0.00,75.00,0,ppec_paypal,PayPal
13945,completed,ILS,2024-09-30T17:54:32,2024-09-30T17:54:34,0.00,0.00,45.00,0,ppec_paypal,PayPal
13951,completed,ILS,2024-10-06T09:54:15,2024-10-06T09:54:17,0.00,0.00,75.00,0,ppec_paypal,PayPal
13952,completed,ILS,2024-10-08T10:28:56,2024-10-08T10:28:58,0.00,0.00,75.00,0,ppec_paypal,PayPal Checkout
13957,completed,ILS,2024-10-08T22:42:11,2024-10-08T22:42:13,0.00,0.00,75.00,125416258,ppec_paypal,PayPal
13963,completed,ILS,2024-10-14T19:45:24,2024-10-14T19:45:27,0.00,0.00,28.00,0,ppec_paypal,PayPal Checkout
13968,completed,ILS,2024-10-18T11:53:17,2024-10-18T11:53:19,0.00,0.00,75.00,125416986,ppec_paypal,PayPal
13973,completed,ILS,2024-10-26T18:24:36,2024-10-26T18:24:39,0.00,0.00,28.00,0,ppec_paypal,PayPal
13974,completed,ILS,2024-10-26T21:07:27,2024-10-26T21:07:29,0.00,0.00,75.00,0,ppec_paypal,PayPal Checkout
13981,completed,ILS,2024-10-30T21:29:26,2024-10-30T21:29:28,0.00,0.00,75.00,125416988,ppec_paypal,PayPal Checkout
13982,completed,ILS,2024-11-05T12:46:08,2024-11-05T12:46:10,0.00,0.00,17.00,0,ppec_paypal,PayPal
13983,completed,ILS,2024-11-06T00:12:59,2024-11-06T00:13:02,0.00,0.00,18.00,0,ppec_paypal,PayPal Checkout
14000,completed,ILS,2024-11-13T10:42:50,2024-11-13T10:42:53,0.00,0.00,75.00,125416991,ppec_paypal,PayPal
14001,completed,ILS,2024-11-18T10:13:58,2024-11-18T10:14:01,0.00,0.00,45.00,0,ppec_paypal,PayPal
14006,completed,ILS,2024-11-24T13:21:26,2024-11-24T13:21:28,0.00,0.00,18.00,0,ppec_paypal,PayPal
14007,completed,ILS,2024-11-24T15:01:19,2024-11-24T15:01:22,0.00,0.00,20.00,0,ppec_paypal,PayPal
14008,completed,ILS,2024-11-25T17:41:05,2024-11-25T17:41:08,0.00,0.00,20.00,0,ppec_paypal,PayPal
14013,completed,ILS,2024-11-25T21:51:17,2024-11-25T21:51:19,0.00,0.00,75.00,125416993,ppec_paypal,PayPal Checkout
14019,completed,ILS,2024-11-29T18:20:22,2024-11-29T18:20:24,0.00,0.00,17.00,0,ppec_paypal,PayPal
14020,completed,ILS,2024-11-30T18:50:25,2024-11-30T18:50:27,0.00,0.00,20.00,125416994,ppec_paypal,PayPal
14026,completed,ILS,2024-12-04T04:03:40,2024-12-04T04:03:42,0.00,0.00,20.00,0,ppec_paypal,PayPal Checkout
14031,completed,ILS,2024-12-05T22:09:14,2024-12-05T22:09:15,0.00,0.00,28.00,0,ppec_paypal,PayPal Checkout
14032,completed,ILS,2024-12-07T12:50:01,2024-12-07T12:50:03,0.00,0.00,75.00,0,ppec_paypal,PayPal Checkout
14033,completed,ILS,2024-12-07T20:02:06,2024-12-07T20:02:08,0.00,0.00,20.00,125416968,ppec_paypal,PayPal Checkout
14034,completed,ILS,2024-12-07T20:58:24,2024-12-07T20:58:26,0.00,0.00,20.00,0,ppec_paypal,PayPal
14035,completed,ILS,2024-12-09T09:12:16,2024-12-09T09:12:19,0.00,0.00,20.00,0,ppec_paypal,PayPal
14036,completed,ILS,2024-12-10T10:32:01,2024-12-10T10:32:03,0.00,0.00,20.00,0,ppec_paypal,PayPal
14041,completed,ILS,2024-12-11T12:20:58,2024-12-11T12:21:01,0.00,0.00,20.00,0,ppec_paypal,PayPal
14043,completed,ILS,2024-12-12T11:27:22,2024-12-12T11:27:24,0.00,0.00,116.00,125416999,ppec_paypal,PayPal Checkout
14044,completed,ILS,2024-12-12T17:25:30,2024-12-12T17:25:32,0.00,0.00,40.00,0,ppec_paypal,PayPal Checkout
14046,completed,ILS,2024-12-12T21:33:55,2024-12-12T21:33:57,0.00,0.00,20.00,0,ppec_paypal,PayPal
14047,completed,ILS,2024-12-16T19:20:37,2024-12-16T19:20:39,0.00,0.00,28.00,0,ppec_paypal,PayPal
14052,completed,ILS,2024-12-17T13:39:57,2024-12-17T13:39:59,0.00,0.00,50.00,0,ppec_paypal,PayPal Checkout
14053,completed,ILS,2024-12-18T23:23:26,2024-12-18T23:23:27,0.00,0.00,20.00,125417001,ppec_paypal,PayPal Checkout
14054,completed,ILS,2024-12-19T22:25:54,2024-12-19T22:25:56,0.00,0.00,63.00,125417002,ppec_paypal,PayPal
14055,completed,ILS,2024-12-21T10:28:48,2024-12-21T10:28:50,0.00,0.00,65.00,0,ppec_paypal,PayPal Checkout
14056,completed,ILS,2024-12-22T21:13:35,2024-12-22T21:13:37,0.00,0.00,50.00,125417003,ppec_paypal,PayPal Checkout
14067,completed,ILS,2024-12-27T10:37:22,2024-12-27T10:37:24,0.00,0.00,28.00,125416659,ppec_paypal,PayPal Checkout
14072,completed,ILS,2025-01-02T21:52:23,2025-01-02T21:52:26,0.00,0.00,20.00,0,ppec_paypal,PayPal
14073,completed,ILS,2025-01-03T12:57:00,2025-01-03T12:57:02,0.00,0.00,18.00,0,ppec_paypal,PayPal Checkout
14074,completed,ILS,2025-01-06T18:15:03,2025-01-06T18:15:05,0.00,0.00,17.00,0,ppec_paypal,PayPal Checkout
14083,cancelled,ILS,2025-01-08T10:14:24,2025-12-04T21:12:01,0.00,0.00,17.00,0,ppec_paypal,PayPal
14089,completed,ILS,2025-01-11T22:40:10,2025-01-11T22:40:13,0.00,0.00,28.00,0,ppec_paypal,PayPal
14090,completed,ILS,2025-01-12T18:45:11,2025-01-12T18:45:13,0.00,0.00,17.00,0,ppec_paypal,PayPal
14096,completed,ILS,2025-01-17T12:29:54,2025-01-17T12:29:57,0.00,0.00,50.00,0,ppec_paypal,PayPal
14097,completed,ILS,2025-01-18T09:10:34,2025-01-18T09:10:36,0.00,0.00,52.00,0,ppec_paypal,PayPal
14098,completed,ILS,2025-01-19T16:22:21,2025-01-19T16:22:23,0.00,0.00,17.00,0,ppec_paypal,PayPal
14103,completed,ILS,2025-01-20T22:21:15,2025-01-20T22:21:17,0.00,0.00,18.00,0,ppec_paypal,PayPal
14104,completed,ILS,2025-01-21T16:51:51,2025-01-21T16:51:53,0.00,0.00,28.00,0,ppec_paypal,PayPal Checkout
14105,completed,ILS,2025-01-25T16:57:25,2025-01-25T16:57:27,0.00,0.00,75.00,0,ppec_paypal,PayPal
14106,completed,ILS,2025-01-27T14:04:11,2025-01-27T14:04:13,0.00,0.00,17.00,0,ppec_paypal,PayPal
14115,completed,ILS,2025-02-04T07:11:29,2025-02-04T07:11:31,0.00,0.00,17.00,125417006,ppec_paypal,PayPal
14120,completed,ILS,2025-02-06T22:31:38,2025-02-06T22:31:40,0.00,0.00,17.00,0,ppec_paypal,PayPal
14121,completed,ILS,2025-02-06T22:47:55,2025-02-06T22:47:57,0.00,0.00,17.00,125417007,ppec_paypal,PayPal Checkout
14122,completed,ILS,2025-02-08T13:28:19,2025-02-08T13:28:21,0.00,0.00,75.00,0,ppec_paypal,PayPal
14136,completed,ILS,2025-02-17T21:40:27,2025-02-17T21:40:30,0.00,0.00,35.00,125417008,ppec_paypal,PayPal
14141,pending,ILS,2025-02-19T16:36:34,2025-02-19T16:36:34,0.00,0.00,17.00,0,ppec_paypal,PayPal
14142,completed,ILS,2025-02-24T17:42:48,2025-02-24T17:42:50,0.00,0.00,25.00,0,ppec_paypal,PayPal
14147,completed,ILS,2025-02-25T06:51:28,2025-02-25T06:51:30,0.00,0.00,17.00,0,ppec_paypal,PayPal Checkout
14148,completed,ILS,2025-03-02T16:45:27,2025-03-02T16:45:29,0.00,0.00,28.00,0,ppec_paypal,PayPal Checkout
14158,completed,ILS,2025-03-05T09:18:40,2025-03-05T09:18:42,0.00,0.00,17.00,125417009,ppec_paypal,PayPal Checkout
14163,completed,ILS,2025-03-11T05:57:27,2025-03-11T05:57:29,0.00,0.00,17.00,0,ppec_paypal,PayPal Checkout
14164,completed,ILS,2025-03-11T09:48:31,2025-03-11T09:48:33,0.00,0.00,17.00,125417010,ppec_paypal,PayPal
14165,completed,ILS,2025-03-11T09:54:39,2025-03-11T09:54:41,0.00,0.00,75.00,125417010,ppec_paypal,PayPal
14174,completed,ILS,2025-03-17T23:42:05,2025-03-17T23:42:08,0.00,0.00,17.00,0,ppec_paypal,PayPal
14175,completed,ILS,2025-03-18T14:51:40,2025-03-18T14:51:42,0.00,0.00,28.00,0,ppec_paypal,PayPal Checkout
14176,completed,ILS,2025-03-18T21:07:00,2025-03-18T21:07:02,0.00,0.00,17.00,0,ppec_paypal,PayPal Checkout
14181,completed,ILS,2025-03-23T07:04:21,2025-03-23T07:04:23,0.00,0.00,54.00,0,ppec_paypal,PayPal
14188,completed,ILS,2025-03-30T11:22:12,2025-03-30T11:22:14,0.00,0.00,17.00,0,ppec_paypal,PayPal
14210,completed,ILS,2025-04-07T22:25:58,2025-04-07T22:25:59,0.00,0.00,28.00,0,ppec_paypal,PayPal Checkout
14211,completed,ILS,2025-04-11T16:05:44,2025-04-11T16:05:46,0.00,0.00,48.00,0,ppec_paypal,PayPal
14221,completed,ILS,2025-04-17T08:31:17,2025-04-17T08:31:19,0.00,0.00,54.00,0,ppec_paypal,PayPal Checkout
14227,completed,ILS,2025-04-22T20:46:53,2025-04-22T20:46:54,0.00,0.00,50.00,0,ppec_paypal,PayPal Checkout
14232,completed,ILS,2025-05-02T17:16:08,2025-05-02T17:16:09,0.00,0.00,17.00,0,ppec_paypal,PayPal Checkout
14233,completed,ILS,2025-05-03T20:26:13,2025-05-03T20:26:15,0.00,0.00,17.00,0,ppec_paypal,PayPal
14248,completed,ILS,2025-05-12T17:22:53,2025-05-12T17:22:55,0.00,0.00,17.00,0,ppec_paypal,PayPal Checkout
14255,completed,ILS,2025-05-13T23:49:21,2025-05-13T23:49:23,0.00,0.00,15.00,0,ppec_paypal,PayPal
14256,completed,ILS,2025-05-15T11:14:41,2025-05-15T11:14:43,0.00,0.00,28.00,125417017,ppec_paypal,PayPal Checkout
14257,completed,ILS,2025-05-15T15:12:27,2025-05-15T15:12:29,0.00,0.00,28.00,0,ppec_paypal,PayPal Checkout
14264,completed,ILS,2025-05-16T09:51:34,2025-05-16T09:51:36,0.00,0.00,50.00,0,ppec_paypal,PayPal Checkout
14271,completed,ILS,2025-05-20T17:52:31,2025-05-20T17:52:33,0.00,0.00,32.00,0,ppec_paypal,PayPal Checkout
14272,completed,ILS,2025-05-21T06:00:19,2025-05-22T23:27:37,0.00,0.00,15.00,0,ppec_paypal,PayPal
14273,completed,ILS,2025-05-21T06:47:29,2025-05-21T06:47:30,0.00,0.00,28.00,0,ppec_paypal,PayPal Checkout
14274,completed,ILS,2025-05-21T06:51:43,2025-05-21T06:51:44,0.00,0.00,18.00,0,ppec_paypal,PayPal Checkout
14276,completed,ILS,2025-05-21T20:26:19,2025-05-21T20:26:21,0.00,0.00,32.00,0,ppec_paypal,PayPal Checkout
14277,completed,ILS,2025-05-22T10:33:27,2025-05-22T10:33:29,0.00,0.00,17.00,125417018,ppec_paypal,PayPal
14279,completed,ILS,2025-05-22T11:42:25,2025-05-22T11:42:28,0.00,0.00,15.00,0,ppec_paypal,PayPal Checkout
14281,completed,ILS,2025-05-23T00:24:11,2025-05-23T00:24:13,0.00,0.00,17.00,0,ppec_paypal,PayPal Checkout
14282,completed,ILS,2025-05-23T07:01:26,2025-05-23T07:01:28,0.00,0.00,17.00,0,ppec_paypal,PayPal
14283,completed,ILS,2025-05-24T17:48:00,2025-05-24T17:48:02,0.00,0.00,17.00,125417019,ppec_paypal,PayPal
14284,completed,ILS,2025-05-24T21:31:36,2025-05-24T21:31:38,0.00,0.00,15.00,0,ppec_paypal,PayPal
14286,completed,ILS,2025-05-25T15:55:40,2025-05-25T15:55:42,0.00,0.00,28.00,0,ppec_paypal,PayPal
14287,completed,ILS,2025-05-25T20:29:48,2025-05-25T20:29:50,0.00,0.00,17.00,0,ppec_paypal,PayPal
14288,completed,ILS,2025-05-26T07:03:50,2025-05-26T07:03:53,0.00,0.00,15.00,0,ppec_paypal,PayPal
14290,completed,ILS,2025-05-26T18:28:11,2025-05-26T18:28:13,0.00,0.00,15.00,125416970,ppec_paypal,PayPal
14297,completed,ILS,2025-05-27T06:55:10,2025-05-27T06:55:12,0.00,0.00,17.00,0,ppec_paypal,PayPal
14298,completed,ILS,2025-05-27T19:47:57,2025-05-27T19:47:59,0.00,0.00,17.00,0,ppec_paypal,PayPal
14300,completed,ILS,2025-05-29T06:30:29,2025-05-29T06:30:31,0.00,0.00,32.00,0,ppec_paypal,PayPal Checkout
14320,completed,ILS,2025-06-09T14:22:32,2025-06-09T14:22:35,0.00,0.00,62.00,0,ppec_paypal,PayPal
14323,completed,ILS,2025-06-10T16:21:07,2025-06-10T16:21:09,0.00,0.00,55.00,125416286,ppec_paypal,PayPal Checkout
14331,completed,ILS,2025-06-11T15:11:17,2025-06-11T15:11:19,0.00,0.00,55.00,0,ppec_paypal,PayPal
14332,completed,ILS,2025-06-16T20:50:35,2025-06-16T20:50:37,0.00,0.00,55.00,0,ppec_paypal,PayPal Checkout
14339,completed,ILS,2025-06-18T15:26:27,2025-06-18T15:26:29,0.00,0.00,50.00,0,ppec_paypal,PayPal Checkout
14340,completed,ILS,2025-06-20T11:30:51,2025-06-20T11:30:54,0.00,0.00,17.00,0,ppec_paypal,PayPal
14341,completed,ILS,2025-06-20T11:43:36,2025-06-20T11:43:38,0.00,0.00,17.00,0,ppec_paypal,PayPal Checkout
14350,completed,ILS,2025-06-29T10:50:00,2025-06-29T10:50:02,0.00,0.00,35.00,0,ppec_paypal,PayPal
14353,completed,ILS,2025-06-30T12:43:28,2025-06-30T12:43:30,0.00,0.00,55.00,0,ppec_paypal,PayPal
14360,completed,ILS,2025-07-01T10:44:42,2025-07-01T10:44:44,0.00,0.00,48.00,0,ppec_paypal,PayPal Checkout
14361,completed,ILS,2025-07-01T17:36:31,2025-07-01T17:36:33,0.00,0.00,62.00,0,ppec_paypal,PayPal Checkout
14370,completed,ILS,2025-07-02T12:15:09,2025-07-02T12:15:11,0.00,0.00,55.00,0,ppec_paypal,PayPal
14373,completed,ILS,2025-07-02T13:09:00,2025-07-02T13:09:02,0.00,0.00,35.00,0,ppec_paypal,PayPal
14374,completed,ILS,2025-07-02T15:20:43,2025-07-02T15:20:44,0.00,0.00,93.00,0,ppec_paypal,PayPal Checkout
14375,completed,ILS,2025-07-03T11:49:55,2025-07-03T11:49:57,0.00,0.00,17.00,0,ppec_paypal,PayPal
14376,completed,ILS,2025-07-05T21:31:44,2025-07-05T21:31:46,0.00,0.00,17.00,125417025,ppec_paypal,PayPal Checkout
14377,completed,ILS,2025-07-06T07:03:37,2025-07-06T07:03:40,0.00,0.00,45.00,0,ppec_paypal,PayPal
14381,completed,ILS,2025-07-06T18:47:19,2025-07-06T18:47:21,0.00,0.00,45.00,125417027,ppec_paypal,PayPal Checkout
14382,completed,ILS,2025-07-08T12:59:22,2025-07-08T12:59:24,0.00,0.00,45.00,0,ppec_paypal,PayPal
14389,completed,ILS,2025-07-10T13:41:59,2025-07-10T13:42:02,0.00,0.00,17.00,0,ppec_paypal,PayPal
14390,pending,ILS,2025-07-10T14:43:43,2025-08-09T16:25:54,0.00,0.00,75.00,125417028,ppec_paypal,PayPal
14391,completed,ILS,2025-07-11T19:24:33,2025-08-22T14:49:11,0.00,0.00,248.00,125417029,ppec_paypal,PayPal
14392,completed,ILS,2025-07-12T20:11:54,2025-07-12T20:11:56,0.00,0.00,75.00,125417025,ppec_paypal,PayPal Checkout
14393,completed,ILS,2025-07-13T10:29:22,2025-07-13T10:29:24,0.00,0.00,62.00,0,ppec_paypal,PayPal
14396,completed,ILS,2025-07-14T09:11:01,2025-07-14T09:11:03,0.00,0.00,55.00,0,ppec_paypal,PayPal
14403,completed,ILS,2025-07-15T21:03:11,2025-07-15T21:03:13,0.00,0.00,88.00,125417030,ppec_paypal,PayPal
14404,completed,ILS,2025-07-16T12:15:30,2025-07-16T12:15:32,0.00,0.00,48.00,0,ppec_paypal,PayPal
14405,completed,ILS,2025-07-16T18:27:53,2025-07-16T18:27:55,0.00,0.00,45.00,125417031,ppec_paypal,PayPal
14406,completed,ILS,2025-07-17T19:06:36,2025-07-17T19:06:37,0.00,0.00,65.00,0,ppec_paypal,PayPal Checkout
14409,completed,ILS,2025-07-18T14:40:29,2025-07-18T14:40:32,0.00,0.00,45.00,0,ppec_paypal,PayPal
14410,completed,ILS,2025-07-19T15:10:28,2025-07-19T15:10:30,0.00,0.00,58.00,125417032,ppec_paypal,PayPal
14411,completed,ILS,2025-07-20T11:35:04,2025-07-20T11:35:06,0.00,0.00,62.00,125417033,ppec_paypal,PayPal
14412,completed,ILS,2025-07-21T12:11:49,2025-08-31T22:32:30,0.00,0.00,55.00,0,ppec_paypal,PayPal
14413,completed,ILS,2025-07-21T13:51:58,2025-07-21T13:51:59,0.00,0.00,45.00,0,ppec_paypal,PayPal Checkout
14414,completed,ILS,2025-07-22T09:42:37,2025-07-22T09:42:39,0.00,0.00,55.00,0,ppec_paypal,PayPal
14422,completed,ILS,2025-07-23T04:24:51,2025-07-23T04:24:55,0.00,0.00,62.00,0,ppec_paypal,PayPal
14425,completed,ILS,2025-07-25T17:24:52,2025-07-25T17:24:54,0.00,0.00,35.00,0,ppec_paypal,PayPal
14426,completed,ILS,2025-07-26T22:53:12,2025-07-26T22:53:14,0.00,0.00,45.00,0,ppec_paypal,PayPal Checkout
14431,completed,ILS,2025-07-27T11:15:02,2025-07-27T11:15:04,0.00,0.00,35.00,0,ppec_paypal,PayPal
14432,completed,ILS,2025-07-28T15:11:29,2025-07-28T15:11:31,0.00,0.00,18.00,0,ppec_paypal,PayPal Checkout
14443,completed,ILS,2025-07-30T10:41:10,2025-07-30T10:41:12,0.00,0.00,55.00,125416679,ppec_paypal,PayPal
14444,completed,ILS,2025-07-30T16:35:43,2025-07-30T16:35:45,0.00,0.00,45.00,0,ppec_paypal,PayPal
14448,completed,ILS,2025-07-31T08:14:54,2025-07-31T08:14:55,0.00,0.00,18.00,0,ppec_paypal,PayPal Checkout
14464,completed,ILS,2025-08-02T18:01:30,2025-08-02T18:01:32,0.00,0.00,17.00,0,ppec_paypal,PayPal Checkout
14465,completed,ILS,2025-08-02T23:52:23,2025-08-02T23:52:25,0.00,0.00,102.00,0,ppec_paypal,PayPal
14481,completed,ILS,2025-08-04T16:11:57,2025-08-04T16:11:59,0.00,0.00,65.00,125416961,ppec_paypal,PayPal Checkout
14494,completed,ILS,2025-08-06T12:26:12,2025-08-06T12:26:15,0.00,0.00,28.00,0,ppec_paypal,PayPal
14517,completed,ILS,2025-08-10T10:43:53,2025-08-10T10:43:55,0.00,0.00,45.00,0,ppec_paypal,PayPal Checkout
14520,completed,ILS,2025-08-10T16:09:33,2025-08-10T16:09:35,0.00,0.00,48.00,0,ppec_paypal,PayPal
14524,processing,ILS,2025-08-10T22:48:44,2025-08-10T22:48:46,0.00,0.00,65.00,0,ppec_paypal,PayPal
14526,completed,ILS,2025-08-11T10:09:46,2025-08-11T10:09:49,0.00,0.00,17.00,125417041,ppec_paypal,PayPal Checkout
14535,completed,ILS,2025-08-12T23:19:00,2025-08-12T23:19:02,0.00,0.00,17.00,0,ppec_paypal,PayPal Checkout
14536,completed,ILS,2025-08-13T01:01:28,2025-08-13T01:01:30,0.00,0.00,50.00,0,ppec_paypal,PayPal
14539,completed,ILS,2025-08-14T02:22:56,2025-08-14T02:22:58,0.00,0.00,65.00,0,ppec_paypal,PayPal Checkout
14540,completed,ILS,2025-08-14T08:06:51,2025-08-14T08:06:52,0.00,0.00,55.00,0,ppec_paypal,PayPal
14547,completed,ILS,2025-08-15T19:12:32,2025-08-15T19:12:34,0.00,0.00,55.00,0,ppec_paypal,PayPal
14548,completed,ILS,2025-08-16T07:50:54,2025-08-16T07:50:57,0.00,0.00,80.00,0,ppec_paypal,PayPal Checkout
14549,completed,ILS,2025-08-16T15:41:08,2025-08-16T15:41:11,0.00,0.00,65.00,0,ppec_paypal,PayPal
14550,processing,ILS,2025-08-17T15:58:53,2025-08-17T15:58:55,0.00,0.00,65.00,0,ppec_paypal,PayPal
14551,completed,ILS,2025-08-18T13:27:55,2025-08-18T13:27:56,0.00,0.00,18.00,0,ppec_paypal,PayPal Checkout
14552,completed,ILS,2025-08-18T18:26:58,2025-09-03T22:29:05,0.00,0.00,62.00,0,ppec_paypal,PayPal Checkout
14553,completed,ILS,2025-08-18T20:56:44,2025-08-22T10:58:32,0.00,0.00,45.00,125417045,ppec_paypal,PayPal Checkout
14560,completed,ILS,2025-08-18T21:51:46,2025-08-18T21:51:47,0.00,0.00,55.00,0,ppec_paypal,PayPal
14562,completed,ILS,2025-08-19T10:19:07,2025-08-19T10:19:10,0.00,0.00,28.00,0,ppec_paypal,PayPal
14563,completed,ILS,2025-08-20T11:01:06,2025-08-20T11:01:08,0.00,0.00,62.00,0,ppec_paypal,PayPal Checkout
14566,completed,ILS,2025-08-20T17:49:24,2025-08-20T17:49:26,0.00,0.00,48.00,125417048,ppec_paypal,PayPal
14567,processing,ILS,2025-08-20T18:24:53,2025-08-20T18:24:54,0.00,0.00,65.00,125416366,ppec_paypal,PayPal Checkout
14568,completed,ILS,2025-08-21T11:31:06,2025-08-21T11:31:08,0.00,0.00,35.00,125417049,ppec_paypal,PayPal Checkout
14569,completed,ILS,2025-08-21T13:02:49,2025-08-21T13:02:52,0.00,0.00,62.00,125417050,ppec_paypal,PayPal Checkout
14572,completed,ILS,2025-08-21T16:58:25,2025-08-21T16:58:27,0.00,0.00,48.00,0,ppec_paypal,PayPal
14573,completed,ILS,2025-08-22T00:59:38,2025-08-22T00:59:39,0.00,0.00,17.00,0,ppec_paypal,PayPal Checkout
14574,completed,ILS,2025-08-22T01:26:42,2025-08-22T01:26:43,0.00,0.00,75.00,0,ppec_paypal,PayPal Checkout
14575,completed,ILS,2025-08-22T21:28:54,2025-08-22T21:28:57,0.00,0.00,28.00,0,ppec_paypal,PayPal
14576,completed,ILS,2025-08-23T19:28:09,2025-08-23T19:28:11,0.00,0.00,35.00,0,ppec_paypal,PayPal
14578,completed,ILS,2025-08-23T20:35:46,2025-08-23T20:35:48,0.00,0.00,62.00,0,ppec_paypal,PayPal Checkout
14579,completed,ILS,2025-08-24T01:42:52,2025-08-24T01:42:54,0.00,0.00,55.00,0,ppec_paypal,PayPal Checkout
14580,completed,ILS,2025-08-24T11:31:53,2025-08-24T11:31:55,0.00,0.00,45.00,125417052,ppec_paypal,PayPal Checkout
14581,completed,ILS,2025-08-24T11:47:29,2025-08-24T11:47:31,0.00,0.00,65.00,125417053,ppec_paypal,PayPal
14582,completed,ILS,2025-08-24T13:04:00,2025-08-24T13:04:03,0.00,0.00,35.00,0,ppec_paypal,PayPal
14583,completed,ILS,2025-08-24T22:49:38,2025-08-24T22:49:41,0.00,0.00,62.00,0,ppec_paypal,PayPal Checkout
14584,completed,ILS,2025-08-25T15:36:58,2025-08-25T15:37:00,0.00,0.00,18.00,125417054,ppec_paypal,PayPal Checkout
14585,processing,ILS,2025-08-25T16:51:35,2025-08-25T16:51:36,0.00,0.00,65.00,0,ppec_paypal,PayPal Checkout
14590,completed,ILS,2025-08-25T19:54:08,2025-08-25T19:54:10,0.00,0.00,45.00,0,ppec_paypal,PayPal Checkout
14599,completed,ILS,2025-08-25T21:48:25,2025-08-25T21:48:27,0.00,0.00,62.00,0,ppec_paypal,PayPal
14602,processing,ILS,2025-08-26T15:46:57,2025-08-26T15:46:59,0.00,0.00,65.00,125416726,ppec_paypal,PayPal
14603,completed,ILS,2025-08-31T10:47:15,2025-08-31T10:47:18,0.00,0.00,18.00,0,ppec_paypal,PayPal
14605,completed,ILS,2025-09-02T13:25:42,2025-09-02T13:25:44,0.00,0.00,45.00,0,ppec_paypal,PayPal
14618,completed,ILS,2025-09-04T23:58:09,2025-09-04T23:58:11,0.00,0.00,28.00,0,ppec_paypal,PayPal Checkout
14629,completed,ILS,2025-09-06T22:12:39,2025-09-06T22:12:41,0.00,0.00,28.00,0,ppec_paypal,PayPal Checkout
14656,completed,ILS,2025-09-28T09:52:18,2025-09-28T09:52:20,0.00,0.00,75.00,0,ppec_paypal,PayPal Checkout
14693,completed,ILS,2025-10-11T23:10:30,2025-10-11T23:10:32,0.00,0.00,75.00,0,ppec_paypal,PayPal Checkout
14700,completed,ILS,2025-10-14T14:30:34,2025-10-14T14:30:35,0.00,0.00,46.00,0,ppec_paypal,PayPal Checkout
14702,completed,ILS,2025-10-16T07:46:37,2025-10-16T07:46:40,0.00,0.00,28.00,0,ppec_paypal,PayPal
14703,completed,ILS,2025-10-19T00:29:08,2025-10-19T00:29:10,0.00,0.00,28.00,0,ppec_paypal,PayPal
14704,completed,ILS,2025-10-19T13:59:53,2025-10-19T13:59:56,0.00,0.00,28.00,125417066,ppec_paypal,PayPal
14705,completed,ILS,2025-10-19T22:46:28,2025-10-19T22:46:30,0.00,0.00,75.00,125417067,ppec_paypal,PayPal Checkout
14712,completed,ILS,2025-10-20T20:43:08,2025-10-20T20:43:10,0.00,0.00,71.00,0,ppec_paypal,PayPal
14721,completed,ILS,2025-10-22T16:06:12,2025-10-22T16:06:14,0.00,0.00,75.00,0,ppec_paypal,PayPal
14722,completed,ILS,2025-10-24T07:25:55,2025-10-24T07:26:00,0.00,0.00,17.00,0,ppec_paypal,PayPal Checkout
14723,completed,ILS,2025-10-24T18:27:33,2025-10-24T18:27:35,0.00,0.00,75.00,0,ppec_paypal,PayPal
14724,completed,ILS,2025-10-25T20:33:14,2025-10-25T20:33:16,0.00,0.00,17.00,0,ppec_paypal,PayPal Checkout
14727,completed,ILS,2025-10-27T08:02:21,2025-10-27T08:02:23,0.00,0.00,75.00,125417069,ppec_paypal,PayPal
14728,completed,ILS,2025-10-27T19:25:09,2025-10-27T19:25:11,0.00,0.00,17.00,125417070,ppec_paypal,PayPal
14769,completed,ILS,2025-11-24T12:25:38,2025-11-24T12:25:40,0.00,0.00,28.00,0,ppec_paypal,PayPal
14776,completed,ILS,2025-11-25T00:02:23,2025-11-25T00:02:24,0.00,0.00,28.00,125417071,ppec_paypal,PayPal
14777,completed,ILS,2025-11-26T16:45:32,2025-11-26T16:45:34,0.00,0.00,75.00,0,ppec_paypal,PayPal
14778,completed,ILS,2025-11-28T10:31:03,2025-11-28T10:31:05,0.00,0.00,28.00,0,ppec_paypal,PayPal
14779,completed,ILS,2025-11-29T08:59:10,2025-11-29T08:59:12,0.00,0.00,20.00,0,ppec_paypal,PayPal
14781,completed,ILS,2025-11-30T14:43:03,2025-11-30T14:43:06,0.00,0.00,28.00,125417072,ppec_paypal,PayPal Checkout
14782,completed,ILS,2025-12-01T22:50:37,2025-12-01T22:50:39,0.00,0.00,40.00,0,ppec_paypal,PayPal Checkout
14789,completed,ILS,2025-12-03T14:21:12,2025-12-03T14:21:14,0.00,0.00,20.00,0,ppec_paypal,PayPal
14802,completed,ILS,2025-12-06T10:08:46,2025-12-06T10:08:48,0.00,0.00,20.00,0,ppec_paypal,PayPal
14803,completed,ILS,2025-12-06T21:44:03,2025-12-06T21:44:06,0.00,0.00,65.00,0,ppec_paypal,PayPal
14804,completed,ILS,2025-12-07T20:21:46,2025-12-07T20:21:48,0.00,0.00,75.00,0,ppec_paypal,PayPal
14811,completed,ILS,2025-12-09T12:50:50,2025-12-09T12:50:54,0.00,0.00,20.00,0,ppec_paypal,PayPal
14837,completed,ILS,2025-12-11T20:50:56,2025-12-11T20:50:58,0.00,0.00,54.00,125417073,ppec_paypal,PayPal
14841,completed,ILS,2025-12-13T09:54:49,2025-12-13T09:54:50,0.00,0.00,38.00,0,ppec_paypal,PayPal Checkout
14848,completed,ILS,2025-12-18T10:07:18,2025-12-18T10:07:20,0.00,0.00,18.00,0,ppec_paypal,PayPal
14850,completed,ILS,2025-12-22T09:26:57,2025-12-22T09:26:59,0.00,0.00,93.00,125417076,ppec_paypal,PayPal Checkout
14851,completed,ILS,2025-12-22T11:08:30,2025-12-22T11:08:32,0.00,0.00,18.00,0,ppec_paypal,PayPal
14858,completed,ILS,2025-12-28T07:31:23,2025-12-28T07:31:25,0.00,0.00,28.00,125417077,ppec_paypal,PayPal
14859,completed,ILS,2025-12-28T18:12:53,2025-12-28T18:12:55,0.00,0.00,28.00,0,ppec_paypal,PayPal Checkout
14886,completed,ILS,2025-12-29T13:46:33,2025-12-31T00:39:01,0.00,0.00,76.00,0,ppec_paypal,PayPal Checkout
14888,completed,ILS,2025-12-29T21:58:55,2025-12-31T00:29:44,0.00,0.00,75.00,0,ppec_paypal,PayPal
14904,completed,ILS,2026-01-10T07:35:38,2026-01-12T19:47:34,0.00,0.00,17.00,0,ppec_paypal,PayPal
14912,completed,ILS,2026-01-14T08:05:03,2026-01-14T08:05:04,0.00,0.00,23.00,0,ppec_paypal,PayPal Checkout
14913,completed,ILS,2026-01-17T21:12:35,2026-01-17T21:12:37,0.00,0.00,45.00,0,ppec_paypal,PayPal
14920,completed,ILS,2026-01-22T08:11:52,2026-01-22T08:11:54,0.00,0.00,79.00,0,ppec_paypal,PayPal
14927,completed,ILS,2026-01-28T10:48:00,2026-01-28T10:48:03,0.00,0.00,17.00,0,ppec_paypal,PayPal
14928,pending,ILS,2026-02-01T19:32:27,2026-02-01T19:32:27,0.00,0.00,36.00,0,ppec_paypal,PayPal
14935,completed,ILS,2026-02-08T22:14:05,2026-02-08T22:14:07,0.00,0.00,28.00,0,ppec_paypal,PayPal
14942,completed,ILS,2026-02-13T07:14:05,2026-02-13T07:14:09,0.00,0.00,54.00,0,ppec_paypal,PayPal
14943,completed,ILS,2026-02-15T12:34:29,2026-02-15T12:34:31,0.00,0.00,17.00,125417081,ppec_paypal,PayPal Checkout
14944,completed,ILS,2026-02-17T16:29:05,2026-02-17T16:29:06,0.00,0.00,28.00,0,ppec_paypal,PayPal Checkout
14951,completed,ILS,2026-02-18T14:32:28,2026-02-18T14:32:30,0.00,0.00,17.00,0,ppec_paypal,PayPal Checkout
14953,completed,ILS,2026-02-18T23:27:24,2026-02-18T23:27:26,0.00,0.00,17.00,0,ppec_paypal,PayPal Checkout
14986,completed,ILS,2026-03-11T15:19:25,2026-03-11T15:19:28,0.00,0.00,75.00,125417082,ppec_paypal,PayPal
15128,completed,ILS,2026-04-12T22:00:50,2026-04-12T22:00:51,0.00,0.00,75.00,0,ppec_paypal,PayPal Checkout
15151,completed,ILS,2026-04-27T11:54:12,2026-04-28T09:33:06,0.00,0.00,50.00,0,ppec_paypal,PayPal Checkout
15166,completed,ILS,2026-04-28T19:56:19,2026-04-28T19:56:21,0.00,0.00,28.00,0,ppec_paypal,PayPal
15167,completed,ILS,2026-05-01T03:43:03,2026-05-01T03:43:04,0.00,0.00,15.00,0,ppec_paypal,PayPal Checkout
15186,completed,ILS,2026-05-17T01:31:58,2026-05-17T01:32:01,0.00,0.00,15.00,0,ppec_paypal,PayPal
15187,completed,ILS,2026-05-17T11:55:03,2026-05-17T11:55:05,0.00,0.00,28.00,0,ppec_paypal,PayPal
15188,completed,ILS,2026-05-18T07:54:43,2026-05-18T07:54:45,0.00,0.00,15.00,0,ppec_paypal,PayPal Checkout
15208,completed,ILS,2026-06-02T18:32:26,2026-06-02T18:32:28,0.00,0.00,75.00,0,ppec_paypal,PayPal Checkout
15209,pending,ILS,2026-06-06T12:29:19,2026-06-06T12:29:19,0.00,0.00,17.00,0,ppcp-card-button-gateway,Debit &amp; Credit Cards
15222,completed,ILS,2026-06-14T22:15:39,2026-06-14T22:15:42,0.00,0.00,40.00,125417263,ppec_paypal,PayPal
15223,completed,ILS,2026-06-15T13:27:00,2026-06-15T13:27:02,0.00,0.00,45.00,125417265,ppec_paypal,PayPal
15230,completed,ILS,2026-06-21T10:06:56,2026-06-21T10:06:58,0.00,0.00,28.00,0,ppec_paypal,PayPal
15231,completed,ILS,2026-06-21T20:21:01,2026-06-21T20:21:04,0.00,0.00,45.00,0,ppec_paypal,PayPal
15233,completed,ILS,2026-06-22T11:48:21,2026-06-22T11:48:23,0.00,0.00,55.00,0,ppec_paypal,PayPal
15248,completed,ILS,2026-06-27T03:46:15,2026-06-27T03:46:17,0.00,0.00,35.00,0,ppec_paypal,PayPal Checkout
15249,completed,ILS,2026-06-27T10:19:03,2026-06-27T10:20:54,0.00,0.00,68.00,125417284,ppec_paypal,PayPal
15250,completed,ILS,2026-06-28T23:12:57,2026-06-28T23:15:08,0.00,0.00,23.00,0,ppcp-card-button-gateway,Debit &amp; Credit Cards
15251,pending,ILS,2026-06-29T19:34:05,2026-06-29T19:34:05,0.00,0.00,17.00,125417286,ppcp-card-button-gateway,Debit &amp; Credit Cards
15252,pending,ILS,2026-06-29T19:40:14,2026-06-29T19:40:14,0.00,0.00,51.00,125417286,ppcp-card-button-gateway,Debit &amp; Credit Cards
15253,completed,ILS,2026-06-29T19:42:17,2026-06-29T19:42:19,0.00,0.00,17.00,125417286,ppec_paypal,PayPal Checkout
15260,completed,ILS,2026-06-30T06:13:43,2026-06-30T06:13:45,0.00,0.00,75.00,0,ppec_paypal,PayPal Checkout
15261,completed,ILS,2026-06-30T10:18:30,2026-06-30T10:18:32,0.00,0.00,136.00,125417285,ppec_paypal,PayPal
15262,pending,ILS,2026-06-30T19:32:54,2026-06-30T19:32:54,0.00,0.00,45.00,0,ppcp-card-button-gateway,Debit &amp; Credit Cards
15263,completed,ILS,2026-07-01T11:48:45,2026-07-01T11:48:47,0.00,0.00,65.00,125417289,ppec_paypal,PayPal
15264,completed,ILS,2026-07-02T09:25:05,2026-07-02T09:25:07,0.00,0.00,75.00,0,ppec_paypal,PayPal Checkout
15265,completed,ILS,2026-07-04T18:11:37,2026-07-04T18:19:31,0.00,0.00,17.00,0,ppec_paypal,PayPal Checkout
15268,completed,ILS,2026-07-04T22:47:11,2026-07-04T22:47:13,0.00,0.00,17.00,0,ppec_paypal,PayPal
15270,completed,ILS,2026-07-05T06:42:14,2026-07-05T06:42:16,0.00,0.00,17.00,0,ppec_paypal,PayPal Checkout
15271,completed,ILS,2026-07-05T11:28:17,2026-07-05T11:28:19,0.00,0.00,62.00,125417297,ppec_paypal,PayPal
15278,completed,ILS,2026-07-07T12:04:22,2026-07-07T12:04:24,0.00,0.00,45.00,0,ppec_paypal,PayPal
15285,completed,ILS,2026-07-10T04:56:08,2026-07-10T04:56:09,0.00,0.00,28.00,0,ppec_paypal,PayPal Checkout
15287,completed,ILS,2026-07-11T17:05:50,2026-07-11T17:05:52,0.00,0.00,45.00,0,ppec_paypal,PayPal Checkout
15288,completed,ILS,2026-07-12T19:49:08,2026-07-12T19:49:10,0.00,0.00,48.00,0,ppec_paypal,PayPal
15290,completed,ILS,2026-07-14T10:39:58,2026-07-14T10:40:59,0.00,0.00,17.00,0,ppcp-card-button-gateway,Debit &amp; Credit Cards
15298,completed,ILS,2026-07-17T01:25:39,2026-07-17T01:25:42,0.00,0.00,75.00,0,ppec_paypal,PayPal
15299,completed,ILS,2026-07-19T07:05:17,2026-07-19T07:05:19,0.00,0.00,17.00,0,ppec_paypal,PayPal
15300,completed,ILS,2026-07-19T15:46:55,2026-07-19T15:46:57,0.00,0.00,28.00,0,ppec_paypal,PayPal Checkout
15301,pending,ILS,2026-07-20T11:30:22,2026-07-20T11:30:22,0.00,0.00,45.00,0,ppcp-card-button-gateway,Debit &amp; Credit Cards
15302,completed,ILS,2026-07-20T14:22:50,2026-07-20T14:22:52,0.00,0.00,45.00,0,ppec_paypal,PayPal Checkout
15310,completed,ILS,2026-07-23T22:26:59,2026-07-23T22:29:15,0.00,0.00,45.00,0,ppec_paypal,PayPal
